inquiry_id,text,label
TR00001,"같은 가격대 다른 모델로도 교환이 되나요, 아니면 동일상품만 되나요? 감사합니다.",교환
TR00002,수고 많으세요. 배송이 너무 오래 걸려서 그냥 주문 자체를 취소하고 싶어요.,취소
TR00003,상품 관련 제휴 제안을 드리고 싶은데 메일 주소 알 수 있을까요? 빠른 답변 부탁드려요.,기타
TR00004,문의드립니다. 결제 취소 요청한 금액이 일부만 환불됐어요. 나머지는요? 확인 부탁드립니다.,환불
TR00005,문의드립니다. 환불 계좌를 바꾸고 싶은데 어떻게 하나요? 확인 부탁드립니다.,환불
TR00006,안녕하세요. 두께가 어느 정도예요? 겨울에 입어도 따뜻할까요? 감사합니다.,상품정보
TR00007,첫 구매 할인 코드를 넣었는데 적용이 안 되네요. 만료된 건가요? 빠른 답변 부탁드려요.,주문결제
TR00008,수고 많으세요. 다음 입고 물량은 언제쯤 풀리는지 대략이라도 알 수 있을까요? 빠른 답변 부탁드려요.,재입고
TR00009,교환 신청하면 회수랑 재배송이 동시에 진행되나요? 빠른 답변 부탁드려요.,교환
TR00010,문의드립니다. 기업 단체복으로 단체 주문하려는데 담당자 연락처 있나요? 빠른 답변 부탁드려요.,기타
TR00011,결제하자마자 마음이 바뀌었어요. 주문 취소되나요? 확인 부탁드립니다.,취소
TR00012,문의드립니다. 카드 승인은 났는데 주문이 실패라고 떠요. 중복결제 된 건 아니죠? 빠른 답변 부탁드려요.,주문결제
TR00013,"문의드립니다. 세탁기로 돌려도 되나요, 손세탁만 해야 하나요? 빠른 답변 부탁드려요.",상품정보
TR00014,박음질이 터져 있어서 같은 상품으로 교환 요청합니다. 감사합니다.,교환
TR00015,주말에도 배송되나요? 토요일에 받아야 해서요. 감사합니다.,배송문의
TR00016,사이즈가 안 맞아서 한 치수 큰 걸로 교환하고 싶어요.,교환
TR00017,수고 많으세요. 앱에서 다크모드는 어떻게 설정하나요? 빠른 답변 부탁드려요.,기타
TR00018,주말에도 배송되나요? 토요일에 받아야 해서요.,배송문의
TR00019,수고 많으세요. 인기 상품이라 그런지 늘 없네요. 재입고 주기가 어떻게 되나요? 빠른 답변 부탁드려요.,재입고
TR00020,안녕하세요. 결제하자마자 마음이 바뀌었어요. 주문 취소되나요? 확인 부탁드립니다.,취소
TR00021,수고 많으세요. 배송지를 잘못 적었는데 출고 전이면 주소 바꿀 수 있나요? 감사합니다.,배송문의
TR00022,문의드립니다. 사진이랑 실물 품질 차이가 너무 커서 반품 신청합니다. 확인 부탁드립니다.,반품
TR00023,"안녕하세요. 취소한 주문 환불이 자동으로 되는 건가요, 따로 신청해야 하나요?",환불
TR00024,두께가 어느 정도예요? 겨울에 입어도 따뜻할까요? 감사합니다.,상품정보
TR00025,문의드립니다. 단순 변심인데 반품 가능한가요? 배송비는 제가 부담하는 거죠?,반품
TR00026,결제 취소 요청한 금액이 일부만 환불됐어요. 나머지는요? 빠른 답변 부탁드려요.,환불
TR00027,"문의드립니다. 재입고 알림은 앱 푸시로 오나요, 문자로 오나요? 빠른 답변 부탁드려요.",재입고
TR00028,안녕하세요. 할부로 결제하고 싶은데 몇 개월까지 무이자 되나요?,주문결제
TR00029,옵션을 잘못 선택해서 다른 사이즈로 바꿔주실 수 있나요? 확인 부탁드립니다.,교환
TR00030,안녕하세요. 이 가방에 13인치 노트북이 들어가는 크기인가요? 확인 부탁드립니다.,상품정보
TR00031,특정 옵션만 빠르게 다시 들어오는 편인지 궁금해요.,재입고
TR00032,가입할 때 받은 웰컴 쿠폰이 안 보이는데 확인해 주세요. 확인 부탁드립니다.,회원멤버십
TR00033,안녕하세요. 선물할 거라 더 큰 사이즈로 교환하고 싶은데 가능할까요? 감사합니다.,교환
TR00034,선물받은 상품인데 영수증 없이도 반품할 수 있나요? 빠른 답변 부탁드려요.,반품
TR00035,S로 받았는데 M으로 교환 가능할까요? 추가 비용 있나요?,교환
TR00036,수고 많으세요. 주문 직후인데 결제 취소 처리하면 카드 승인도 같이 취소되나요?,취소
TR00037,문의드립니다. 배송 추적상 다른 동네로 가 있는 것 같은데 오배송 아닌가요? 빠른 답변 부탁드려요.,배송문의
TR00038,안녕하세요. 기부 캠페인 참여하려면 어떻게 하면 되나요? 감사합니다.,기타
TR00039,수고 많으세요. 결제 금액이 장바구니 합계랑 다르게 청구됐어요. 확인 부탁해요.,주문결제
TR00040,안녕하세요. 결제 수단을 카드에서 계좌이체로 바꾸고 싶은데 가능한가요? 감사합니다.,주문결제
TR00041,안녕하세요. 한 번 신어봤는데 사이즈가 영 아니라 반품하려고요. 확인 부탁드립니다.,반품
TR00042,수고 많으세요. 현관 앞 말고 택배함에 넣어달라고 요청할 수 있나요?,배송문의
TR00043,수고 많으세요. 해외 배송도 되나요? 외국에 있는 가족에게 보내려고요. 감사합니다.,기타
TR00044,안녕하세요. 이 색상만 계속 품절인데 다시 들어올 예정 있나요? 감사합니다.,재입고
TR00045,세트 구성이 어떻게 되나요? 사진에 나온 거 다 포함인가요? 확인 부탁드립니다.,상품정보
TR00046,문의드립니다. 선물받은 상품인데 영수증 없이도 반품할 수 있나요?,반품
TR00047,예약 주문한 건데 출시 전에 취소도 가능한가요? 빠른 답변 부탁드려요.,취소
TR00048,재입고 알림 신청했는데 알림이 안 와요. 확인 부탁드려요. 감사합니다.,재입고
TR00049,쿠폰 잘못 써서 취소하고 다시 제대로 적용해서 주문할게요. 빠른 답변 부탁드려요.,취소
TR00050,안녕하세요. 불량이라 같은 걸로 교환 원해요. 교환 배송비는 안 드는 거죠? 감사합니다.,교환
TR00051,안녕하세요. 현관 앞 말고 택배함에 넣어달라고 요청할 수 있나요? 감사합니다.,배송문의
TR00052,수고 많으세요. 색상이 모니터마다 다르게 보이던데 실제 톤이 어떤가요? 감사합니다.,상품정보
TR00053,제주도인데 배송 며칠 걸려요? 도착 예정일 알려주세요. 감사합니다.,배송문의
TR00054,수고 많으세요. 선물포장 서비스 되나요? 메시지 카드도 넣을 수 있어요? 감사합니다.,기타
TR00055,문의드립니다. 결제 금액이 장바구니 합계랑 다르게 청구됐어요. 확인 부탁해요. 확인 부탁드립니다.,주문결제
TR00056,문의드립니다. 배송 시작 전에 취소 부탁드려요. 급하게 처리해 주세요. 빠른 답변 부탁드려요.,취소
TR00057,안녕하세요. 개인정보 처리방침은 어디서 확인할 수 있나요? 빠른 답변 부탁드려요.,기타
TR00058,다음 입고 물량은 언제쯤 풀리는지 대략이라도 알 수 있을까요? 빠른 답변 부탁드려요.,재입고
TR00059,"세탁기로 돌려도 되나요, 손세탁만 해야 하나요? 감사합니다.",상품정보
TR00060,문의드립니다. 결제는 됐는데 재고가 없다고 다시 연락이 왔어요. 어떻게 되나요?,주문결제
TR00061,주문번호로 실시간 배송 위치 확인할 수 있는 링크 있을까요? 확인 부탁드립니다.,배송문의
TR00062,안녕하세요. 버튼이 하나 빠져 있어서 새것으로 교환 요청드려요. 확인 부탁드립니다.,교환
TR00063,현금영수증 신청을 깜빡했는데 사후 발급 가능한가요? 확인 부탁드립니다.,주문결제
TR00064,선물포장 서비스 되나요? 메시지 카드도 넣을 수 있어요?,기타
TR00065,회사 단체주문인데 한 건 잘못 들어가서 그 건만 취소 부탁드려요. 확인 부탁드립니다.,취소
TR00066,문의드립니다. 앱에서 다크모드는 어떻게 설정하나요? 감사합니다.,기타
TR00067,문의드립니다. 적립금하고 쿠폰을 같은 주문에 둘 다 쓸 수 있나요?,회원멤버십
TR00068,문의드립니다. 현금영수증 발급된 건인데 환불하면 그것도 취소되나요?,환불
TR00069,안녕하세요. 세트 구성이 어떻게 되나요? 사진에 나온 거 다 포함인가요? 감사합니다.,상품정보
TR00070,안녕하세요. 이 운동화 쿠션감이 좋은 편인가요? 오래 걸어도 편한지요.,상품정보
TR00071,선물할 거라 더 큰 사이즈로 교환하고 싶은데 가능할까요?,교환
TR00072,은행 점검 시간이라 입금이 안 됐는데 주문이 취소될까 봐 걱정돼요. 확인 부탁드립니다.,주문결제
TR00073,아직 상품 준비중이던데 지금 취소하면 바로 되나요?,취소
TR00074,수고 많으세요. 첫 구매 할인 코드를 넣었는데 적용이 안 되네요. 만료된 건가요? 감사합니다.,주문결제
TR00075,사진이랑 실물 품질 차이가 너무 커서 반품 신청합니다.,반품
TR00076,등급은 언제 갱신되나요? 매달 초인가요? 감사합니다.,회원멤버십
TR00077,전에 쓰던 제품이랑 호환되는 규격인지 확인하고 싶어요.,상품정보
TR00078,식기세척기에 넣고 돌려도 괜찮은 재질인가요? 빠른 답변 부탁드려요.,상품정보
TR00079,안녕하세요. 이 색상은 시즌 한정이라 재입고가 아예 안 되는 건가요?,재입고
TR00080,환불 계좌를 바꾸고 싶은데 어떻게 하나요? 감사합니다.,환불
TR00081,선물받은 상품인데 영수증 없이도 반품할 수 있나요?,반품
TR00082,안녕하세요. 두께가 어느 정도예요? 겨울에 입어도 따뜻할까요?,상품정보
TR00083,상품이 마음에 안 들 것 같아서 받기 전에 미리 취소할게요. 빠른 답변 부탁드려요.,취소
TR00084,예전에 팔던 모델인데 재입고 가능성이 있을까요? 확인 부탁드립니다.,재입고
TR00085,안녕하세요. 끈 길이 조절이 되나요? 키 작은 아이가 메도 괜찮을까요? 빠른 답변 부탁드려요.,상품정보
TR00086,재입고됐다고 알림 받고 들어왔는데 벌써 또 품절이네요.,재입고
TR00087,문의드립니다. 현관 앞 말고 택배함에 넣어달라고 요청할 수 있나요?,배송문의
TR00088,안녕하세요. 탈퇴했다가 다시 가입하면 예전 등급이 유지되나요?,회원멤버십
TR00089,수고 많으세요. 환불 처리 상태를 어디서 확인할 수 있나요? 빠른 답변 부탁드려요.,환불
TR00090,안녕하세요. 신발 좌우 사이즈가 달라서 정상 제품으로 교환하고 싶어요.,교환
TR00091,안녕하세요. 환불 처리됐다고 문자 왔는데 통장에 아직 안 들어왔어요. 확인 부탁드립니다.,환불
TR00092,안녕하세요. 두 개 주문 중 하나만 취소했는데 환불액 계산이 맞는지 봐주세요.,환불
TR00093,수고 많으세요. 주문서에서 수량을 잘못 넣어 결제됐어요. 금액 정정이 되나요? 빠른 답변 부탁드려요.,주문결제
TR00094,이 신발 발볼 넓은 편인가요? 평소 발볼 넓은데요. 빠른 답변 부탁드려요.,상품정보
TR00095,이 색상은 시즌 한정이라 재입고가 아예 안 되는 건가요? 감사합니다.,재입고
TR00096,안녕하세요. 구성품 중 하나가 빠져서 왔는데 이 경우도 반품되나요? 확인 부탁드립니다.,반품
TR00097,협업이나 입점 문의는 어디로 연락드리면 되나요? 확인 부탁드립니다.,기타
TR00098,주문번호로 실시간 배송 위치 확인할 수 있는 링크 있을까요? 빠른 답변 부탁드려요.,배송문의
TR00099,수고 많으세요. 쿠폰 잘못 써서 취소하고 다시 제대로 적용해서 주문할게요. 확인 부탁드립니다.,취소
TR00100,세금계산서 발행도 가능한가요? 사업자로 구매하려고요. 감사합니다.,기타
TR00101,수고 많으세요. 같은 상품 다른 색상으로 교환도 되나요?,교환
TR00102,지금 취소 누르면 적립금이랑 쿠폰은 다시 복구되나요? 감사합니다.,취소
TR00103,수고 많으세요. 두께가 어느 정도예요? 겨울에 입어도 따뜻할까요? 빠른 답변 부탁드려요.,상품정보
TR00104,버튼이 하나 빠져 있어서 새것으로 교환 요청드려요.,교환
TR00105,문의드립니다. 한 번 신어봤는데 사이즈가 영 아니라 반품하려고요.,반품
TR00106,문의드립니다. 오늘 도착 예정이라고 떴는데 아직도 안 왔어요. 몇 시쯤 와요? 확인 부탁드립니다.,배송문의
TR00107,안녕하세요. 배송지를 잘못 적었는데 출고 전이면 주소 바꿀 수 있나요? 빠른 답변 부탁드려요.,배송문의
TR00108,문의드립니다. 가지고 있는 쿠폰이 결제창에서 적용이 안 돼요. 왜 그럴까요? 확인 부탁드립니다.,주문결제
TR00109,"수고 많으세요. 반품 회수 박스는 따로 준비해야 하나요, 원래 박스 쓰면 되나요?",반품
TR00110,수고 많으세요. 결제 취소 요청한 금액이 일부만 환불됐어요. 나머지는요?,환불
TR00111,모달 차렵이불 SS 품절이던데 재입고 계획 있는지 궁금해요. 감사합니다.,재입고
TR00112,이 화장품 성분에 향료가 들어 있나요? 민감성 피부라서요. 빠른 답변 부탁드려요.,상품정보
TR00113,간편결제로 했는데 승인 문자만 오고 주문은 안 들어갔어요.,주문결제
TR00114,색상이 화면이랑 너무 달라서 반품할게요. 감사합니다.,반품
TR00115,안녕하세요. 법인카드로 결제하면 지출증빙용 영수증도 따로 받을 수 있나요? 확인 부탁드립니다.,주문결제
TR00116,문의드립니다. 간편결제로 했는데 승인 문자만 오고 주문은 안 들어갔어요. 빠른 답변 부탁드려요.,주문결제
TR00117,문의드립니다. 해외 배송도 되나요? 외국에 있는 가족에게 보내려고요. 확인 부탁드립니다.,기타
TR00118,앱에서 다크모드는 어떻게 설정하나요? 확인 부탁드립니다.,기타
TR00119,수고 많으세요. 필터는 어디서 따로 구매하나요? 교체 주기는 얼마예요?,상품정보
TR00120,배송 시작 전에 취소 부탁드려요. 급하게 처리해 주세요. 감사합니다.,취소
TR00121,안녕하세요. 휴대폰 소액결제 한도가 초과됐다는데 다른 방법은 없나요? 빠른 답변 부탁드려요.,주문결제
TR00122,색상이 화면이랑 너무 달라서 반품할게요.,반품
TR00123,장바구니에 잘못 담긴 게 결제돼서 바로 취소하려고요.,취소
TR00124,수고 많으세요. 탈퇴했다가 다시 가입하면 예전 등급이 유지되나요? 확인 부탁드립니다.,회원멤버십
TR00125,수고 많으세요. 주문한 것과 다른 상품이 와서 반품 신청하고 싶어요. 감사합니다.,반품
TR00126,문의드립니다. 건조기에 돌려도 줄어들지 않나요?,상품정보
TR00127,수고 많으세요. 새벽배송 되는 지역인지 우편번호로 확인해 주실 수 있어요? 빠른 답변 부탁드려요.,배송문의
TR00128,배송이 너무 오래 걸려서 그냥 주문 자체를 취소하고 싶어요. 빠른 답변 부탁드려요.,취소
TR00129,현금영수증 신청을 깜빡했는데 사후 발급 가능한가요?,주문결제
TR00130,문의드립니다. 이 화장품 성분에 향료가 들어 있나요? 민감성 피부라서요. 빠른 답변 부탁드려요.,상품정보
TR00131,수고 많으세요. 재입고됐다고 알림 받고 들어왔는데 벌써 또 품절이네요. 감사합니다.,재입고
TR00132,재입고되면 가격이 오르나요? 지금이랑 같은 가격일까요? 확인 부탁드립니다.,재입고
TR00133,문의드립니다. 현관 앞 말고 택배함에 넣어달라고 요청할 수 있나요? 감사합니다.,배송문의
TR00134,가지고 있는 쿠폰이 결제창에서 적용이 안 돼요. 왜 그럴까요? 감사합니다.,주문결제
TR00135,안녕하세요. 반품 다 됐는데 배송비가 차감돼서 환불됐네요. 왜 그런가요? 빠른 답변 부탁드려요.,환불
TR00136,반품 다 됐는데 배송비가 차감돼서 환불됐네요. 왜 그런가요? 빠른 답변 부탁드려요.,환불
TR00137,수고 많으세요. 무통장입금 가상계좌 입금기한이 지났는데 재발급 가능해요? 확인 부탁드립니다.,주문결제
TR00138,안녕하세요. 차전자 밀대 청소포 리필 100매 품절이던데 재입고 계획 있는지 궁금해요. 확인 부탁드립니다.,재입고
TR00139,수고 많으세요. 회원정보에 주소를 여러 개 저장해둘 수 있나요?,회원멤버십
TR00140,수고 많으세요. 배송지가 잘못돼서 그냥 취소하고 새로 주문하는 게 빠를까요? 확인 부탁드립니다.,취소
TR00141,안녕하세요. 기프트카드로 산 건데 환불도 기프트카드로만 되나요?,환불
TR00142,특정 옵션만 빠르게 다시 들어오는 편인지 궁금해요. 빠른 답변 부탁드려요.,재입고
TR00143,전에 쓰던 제품이랑 호환되는 규격인지 확인하고 싶어요. 감사합니다.,상품정보
TR00144,수고 많으세요. 카드 승인은 났는데 주문이 실패라고 떠요. 중복결제 된 건 아니죠? 빠른 답변 부탁드려요.,주문결제
TR00145,수고 많으세요. 결제일이랑 환불일이 다른 달인데 카드값에 어떻게 반영돼요? 빠른 답변 부탁드려요.,환불
TR00146,안녕하세요. 배송 출발하면 문자로 알림 받을 수 있나요?,배송문의
TR00147,주말에도 배송되나요? 토요일에 받아야 해서요. 확인 부탁드립니다.,배송문의
TR00148,수고 많으세요. 회사 단체주문인데 한 건 잘못 들어가서 그 건만 취소 부탁드려요. 빠른 답변 부탁드려요.,취소
TR00149,문의드립니다. 무통장입금 가상계좌 입금기한이 지났는데 재발급 가능해요? 감사합니다.,주문결제
TR00150,주문한 상품 중에 하나만 빼고 나머지는 취소하고 싶어요. 빠른 답변 부탁드려요.,취소
TR00151,문의드립니다. 사이즈별 실측 정보가 어디에 나와 있나요?,상품정보
TR00152,문의드립니다. 광고 문자 수신 거부하고 싶은데 어떻게 하나요? 감사합니다.,기타
TR00153,수고 많으세요. 배송지가 잘못돼서 그냥 취소하고 새로 주문하는 게 빠를까요?,취소
TR00154,주문한 상품 중에 하나만 빼고 나머지는 취소하고 싶어요. 확인 부탁드립니다.,취소
TR00155,문의드립니다. 교환할 상품 회수는 언제 오고 새 상품은 언제 받을 수 있나요?,교환
TR00156,문의드립니다. 오프라인 매장도 있나요? 직접 보고 사고 싶어서요. 확인 부탁드립니다.,기타
TR00157,"수고 많으세요. 세탁기로 돌려도 되나요, 손세탁만 해야 하나요? 감사합니다.",상품정보
TR00158,수고 많으세요. 세금계산서 발행도 가능한가요? 사업자로 구매하려고요. 확인 부탁드립니다.,기타
TR00159,재입고되면 가격이 오르나요? 지금이랑 같은 가격일까요? 빠른 답변 부탁드려요.,재입고
TR00160,회원 등급별 혜택을 한눈에 볼 수 있는 페이지가 있나요? 감사합니다.,회원멤버십
TR00161,단순 변심인데 반품 가능한가요? 배송비는 제가 부담하는 거죠? 감사합니다.,반품
TR00162,수고 많으세요. 현금영수증 발급된 건인데 환불하면 그것도 취소되나요? 감사합니다.,환불
TR00163,사이즈별 실측 정보가 어디에 나와 있나요?,상품정보
TR00164,수고 많으세요. 택배 박스가 찌그러져서 왔는데 안에 내용물은 괜찮을지 걱정돼요. 확인 부탁드립니다.,배송문의
TR00165,예약 주문한 건데 출시 전에 취소도 가능한가요? 감사합니다.,취소
TR00166,문의드립니다. 배송완료라고 뜨는데 문 앞에 물건이 없어요. 분실된 것 같아요. 빠른 답변 부탁드려요.,배송문의
TR00167,"수고 많으세요. 재입고되면 따로 연락 주시나요, 아니면 알림이 오나요?",재입고
TR00168,"안녕하세요. 같은 가격대 다른 모델로도 교환이 되나요, 아니면 동일상품만 되나요? 감사합니다.",교환
TR00169,문의드립니다. 결제만 하고 아직 아무 진행 없으면 위약금 없이 취소되죠?,취소
TR00170,카드 할부로 샀는데 환불하면 할부도 자동으로 취소되나요?,환불
TR00171,배송 시작 전에 취소 부탁드려요. 급하게 처리해 주세요. 확인 부탁드립니다.,취소
TR00172,"안녕하세요. 재입고 알림은 앱 푸시로 오나요, 문자로 오나요? 빠른 답변 부탁드려요.",재입고
TR00173,문의드립니다. 유통기한이 임박한 게 와서 반품하고 싶은데 가능할까요?,반품
TR00174,문의드립니다. 반품 말고 그냥 맞는 사이즈로 바꾸기만 하고 싶어요.,교환
TR00175,프린트가 비뚤게 인쇄돼서 멀쩡한 걸로 교환해 주세요. 감사합니다.,교환
TR00176,받은 색상이 칙칙해서 사진 속 색상 옵션으로 바꾸고 싶어요. 감사합니다.,교환
TR00177,안녕하세요. 아직 상품 준비중이던데 지금 취소하면 바로 되나요? 확인 부탁드립니다.,취소
TR00178,이 운동화 쿠션감이 좋은 편인가요? 오래 걸어도 편한지요. 확인 부탁드립니다.,상품정보
TR00179,안녕하세요. 환불 처리 상태를 어디서 확인할 수 있나요? 빠른 답변 부탁드려요.,환불
TR00180,수고 많으세요. 재입고됐다고 알림 받고 들어왔는데 벌써 또 품절이네요.,재입고
TR00181,휴대폰 소액결제 한도가 초과됐다는데 다른 방법은 없나요? 확인 부탁드립니다.,주문결제
TR00182,수고 많으세요. 가지고 있는 쿠폰이 결제창에서 적용이 안 돼요. 왜 그럴까요?,주문결제
TR00183,수고 많으세요. S로 받았는데 M으로 교환 가능할까요? 추가 비용 있나요? 감사합니다.,교환
TR00184,수고 많으세요. 장바구니에서 결제하려는데 자꾸 오류 페이지로 넘어가요. 확인 부탁드립니다.,주문결제
TR00185,문의드립니다. 이 색상은 시즌 한정이라 재입고가 아예 안 되는 건가요?,재입고
TR00186,받는 사람 이름을 다르게 적었는데 그대로 배송되나요? 빠른 답변 부탁드려요.,배송문의
TR00187,수고 많으세요. 세금계산서 발행도 가능한가요? 사업자로 구매하려고요.,기타
TR00188,단순 변심 반품인데 반품 배송비가 얼마나 차감되나요? 빠른 답변 부탁드려요.,반품
TR00189,수고 많으세요. 현관 앞 말고 택배함에 넣어달라고 요청할 수 있나요? 확인 부탁드립니다.,배송문의
TR00190,문의드립니다. 단순 변심 반품인데 반품 배송비가 얼마나 차감되나요?,반품
TR00191,문의드립니다. 품절 임박이라고 떠 있는데 추가 입고 예정 있나요? 확인 부탁드립니다.,재입고
TR00192,문의드립니다. 색은 마음에 드는데 기장이 길어서 짧은 옵션으로 교환되나요? 감사합니다.,교환
TR00193,안녕하세요. 한 번에 다 품절돼서 그러는데 보통 얼마 만에 다시 채워지나요? 확인 부탁드립니다.,재입고
TR00194,안녕하세요. 배송이 너무 오래 걸려서 그냥 주문 자체를 취소하고 싶어요. 확인 부탁드립니다.,취소
TR00195,수고 많으세요. 결제만 하고 아직 아무 진행 없으면 위약금 없이 취소되죠? 확인 부탁드립니다.,취소
TR00196,색상이 모니터마다 다르게 보이던데 실제 톤이 어떤가요? 감사합니다.,상품정보
TR00197,안녕하세요. 색은 마음에 드는데 기장이 길어서 짧은 옵션으로 교환되나요?,교환
TR00198,수고 많으세요. 주문서에서 수량을 잘못 넣어 결제됐어요. 금액 정정이 되나요? 감사합니다.,주문결제
TR00199,안녕하세요. 배송이 너무 오래 걸려서 그냥 주문 자체를 취소하고 싶어요. 빠른 답변 부탁드려요.,취소
TR00200,문의드립니다. 알러지가 있는데 소재에 라텍스나 금속 성분 들어가나요?,상품정보
TR00201,안녕하세요. 결제할 때 입력한 배송메모가 사라졌는데 다시 등록되나요? 빠른 답변 부탁드려요.,주문결제
TR00202,문의드립니다. 결제 취소하고 싶은데 어디서 하면 되나요? 감사합니다.,취소
TR00203,수고 많으세요. 결제 취소하고 싶은데 어디서 하면 되나요? 확인 부탁드립니다.,취소
TR00204,문의드립니다. 재입고 알림 신청했는데 알림이 안 와요. 확인 부탁드려요. 감사합니다.,재입고
TR00205,문의드립니다. 부분 반품했는데 그만큼만 환불되는 게 맞나요? 금액이 이상해요. 감사합니다.,환불
TR00206,안녕하세요. 받는 사람 이름을 다르게 적었는데 그대로 배송되나요?,배송문의
TR00207,전압이 220V 맞나요? 해외에서도 쓸 수 있는지 궁금해요. 감사합니다.,상품정보
TR00208,문의드립니다. 주문한 상품 중에 하나만 빼고 나머지는 취소하고 싶어요.,취소
TR00209,부분 반품했는데 그만큼만 환불되는 게 맞나요? 금액이 이상해요. 감사합니다.,환불
TR00210,무통장입금 했는데 입금확인이 아직도 안 됐다고 나와요.,주문결제
TR00211,안녕하세요. 세금계산서 발행되나요? 결제할 때 사업자 정보 넣는 데가 없어요.,주문결제
TR00212,보증 기간이 얼마이고 AS는 어디서 받나요? 감사합니다.,상품정보
TR00213,문의드립니다. 포인트가 분명 있는데 결제할 때 사용 가능 금액이 0으로 떠요. 빠른 답변 부탁드려요.,주문결제
TR00214,문의드립니다. 휴면계정으로 전환됐다는데 다시 활성화하려면 어떻게 하나요?,회원멤버십
TR00215,문의드립니다. 이사 가서 주소가 바뀌었는데 출고 전에 변경 부탁드려요. 빠른 답변 부탁드려요.,배송문의
TR00216,문의드립니다. 특정 옵션만 빠르게 다시 들어오는 편인지 궁금해요. 감사합니다.,재입고
TR00217,안녕하세요. 유통기한이 임박한 게 와서 반품하고 싶은데 가능할까요? 빠른 답변 부탁드려요.,반품
TR00218,쿠폰함에 있던 쿠폰이 사라졌는데 만료된 건가요? 빠른 답변 부탁드려요.,회원멤버십
TR00219,문의드립니다. 특정 옵션만 빠르게 다시 들어오는 편인지 궁금해요. 확인 부탁드립니다.,재입고
TR00220,문의드립니다. 인플루언서 협찬 문의는 어느 부서로 해야 하나요?,기타
TR00221,로그인하면 자꾸 다른 사람 정보가 떠요. 계정이 섞인 것 같아요. 빠른 답변 부탁드려요.,회원멤버십
TR00222,안녕하세요. 극세사 발매트 2P 품절이던데 재입고 계획 있는지 궁금해요.,재입고
TR00223,수고 많으세요. 가지고 있는 쿠폰이 결제창에서 적용이 안 돼요. 왜 그럴까요? 감사합니다.,주문결제
TR00224,수고 많으세요. 냄새가 너무 심해서 못 쓰겠어요. 반품 처리해 주세요. 빠른 답변 부탁드려요.,반품
TR00225,수고 많으세요. 주문번호로 실시간 배송 위치 확인할 수 있는 링크 있을까요? 빠른 답변 부탁드려요.,배송문의
TR00226,장바구니에서 결제하려는데 자꾸 오류 페이지로 넘어가요. 확인 부탁드립니다.,주문결제
TR00227,문의드립니다. 이번 달에 등급이 올랐는데 추가 할인 혜택은 어떻게 적용돼요?,회원멤버십
TR00228,안녕하세요. 엘리베이터 공사 중이라 1층에 두고 가시라고 메모 남길 수 있나요?,배송문의
TR00229,문의드립니다. 린넨 뷔스티에 원피스 품절이던데 재입고 계획 있는지 궁금해요. 감사합니다.,재입고
TR00230,문의드립니다. 상품 관련 제휴 제안을 드리고 싶은데 메일 주소 알 수 있을까요? 감사합니다.,기타
TR00231,문의드립니다. S로 받았는데 M으로 교환 가능할까요? 추가 비용 있나요?,교환
TR00232,장바구니에서 결제하려는데 자꾸 오류 페이지로 넘어가요. 빠른 답변 부탁드려요.,주문결제
TR00233,주문 직후인데 결제 취소 처리하면 카드 승인도 같이 취소되나요?,취소
TR00234,이메일 수신 동의를 바꾸고 싶은데 어디서 설정하나요? 빠른 답변 부탁드려요.,회원멤버십
TR00235,문의드립니다. 선물포장 서비스 되나요? 메시지 카드도 넣을 수 있어요?,기타
TR00236,수고 많으세요. 친구 추천 코드는 어디에 입력하고 혜택은 뭔가요?,회원멤버십
TR00237,문의드립니다. 해외카드로도 결제가 되나요? 자꾸 승인 거절이 떠요.,주문결제
TR00238,한 번에 다 품절돼서 그러는데 보통 얼마 만에 다시 채워지나요? 빠른 답변 부탁드려요.,재입고
TR00239,사이즈가 안 맞아서 한 치수 큰 걸로 교환하고 싶어요. 확인 부탁드립니다.,교환
TR00240,안녕하세요. 구성품 중 하나가 빠져서 왔는데 이 경우도 반품되나요?,반품
TR00241,안녕하세요. 지금 취소 누르면 적립금이랑 쿠폰은 다시 복구되나요?,취소
TR00242,문의드립니다. 회원 등급별 혜택을 한눈에 볼 수 있는 페이지가 있나요? 감사합니다.,회원멤버십
TR00243,안녕하세요. 회사로 배송지 바꾸고 싶은데 이미 상품 준비중이면 안 되나요? 빠른 답변 부탁드려요.,배송문의
TR00244,문의드립니다. 특정 옵션만 빠르게 다시 들어오는 편인지 궁금해요.,재입고
TR00245,안녕하세요. 작동이 안 되는 불량이라 반품하려는데 어떤 증빙이 필요한가요? 감사합니다.,반품
TR00246,안녕하세요. 회원 등급이 강등됐는데 기준이 어떻게 되는 건가요?,회원멤버십
TR00247,결제는 됐는데 재고가 없다고 다시 연락이 왔어요. 어떻게 되나요?,주문결제
TR00248,문의드립니다. 구매한 상품으로 콘텐츠 만들어도 저작권 문제 없나요? 확인 부탁드립니다.,기타
TR00249,문의드립니다. 방수 되는 제품인가요? 야외에서 써도 괜찮을까요? 빠른 답변 부탁드려요.,상품정보
TR00250,받아보니 생각보다 커서 반품하고 싶어요. 어떻게 신청하나요?,반품
TR00251,수고 많으세요. 포인트가 분명 있는데 결제할 때 사용 가능 금액이 0으로 떠요. 확인 부탁드립니다.,주문결제
TR00252,수고 많으세요. 스테인리스 커트러리 16P 사이즈만 바꾸고 싶어요. 교환 신청할게요. 빠른 답변 부탁드려요.,교환
TR00253,안녕하세요. 구매한 상품으로 콘텐츠 만들어도 저작권 문제 없나요? 감사합니다.,기타
TR00254,수고 많으세요. 배송 중에 파손돼서 왔어요. 동일 상품으로 교환해 주세요. 빠른 답변 부탁드려요.,교환
TR00255,회원 등급별 혜택을 한눈에 볼 수 있는 페이지가 있나요?,회원멤버십
TR00256,배송 출발하면 문자로 알림 받을 수 있나요? 빠른 답변 부탁드려요.,배송문의
TR00257,안녕하세요. 특정 옵션만 빠르게 다시 들어오는 편인지 궁금해요. 감사합니다.,재입고
TR00258,안녕하세요. 세트 구성이 어떻게 되나요? 사진에 나온 거 다 포함인가요? 확인 부탁드립니다.,상품정보
TR00259,안녕하세요. 인플루언서 협찬 문의는 어느 부서로 해야 하나요? 빠른 답변 부탁드려요.,기타
TR00260,문의드립니다. 휴면계정으로 전환됐다는데 다시 활성화하려면 어떻게 하나요? 확인 부탁드립니다.,회원멤버십
TR00261,수고 많으세요. 장바구니에서 결제하려는데 자꾸 오류 페이지로 넘어가요. 감사합니다.,주문결제
TR00262,문의드립니다. 세트 구성이 어떻게 되나요? 사진에 나온 거 다 포함인가요?,상품정보
TR00263,이 운동화 쿠션감이 좋은 편인가요? 오래 걸어도 편한지요.,상품정보
TR00264,안녕하세요. 사이즈가 안 맞아서 한 치수 큰 걸로 교환하고 싶어요. 빠른 답변 부탁드려요.,교환
TR00265,수고 많으세요. 예약 주문한 건데 출시 전에 취소도 가능한가요? 빠른 답변 부탁드려요.,취소
TR00266,수고 많으세요. 결제 취소하고 싶은데 어디서 하면 되나요?,취소
TR00267,부분 반품했는데 그만큼만 환불되는 게 맞나요? 금액이 이상해요.,환불
TR00268,건조기에 돌려도 줄어들지 않나요? 빠른 답변 부탁드려요.,상품정보
TR00269,안녕하세요. 탈퇴했다가 다시 가입하면 예전 등급이 유지되나요? 확인 부탁드립니다.,회원멤버십
TR00270,재입고됐다고 알림 받고 들어왔는데 벌써 또 품절이네요. 빠른 답변 부탁드려요.,재입고
TR00271,취소 처리는 됐다는데 결제 금액 환불은 언제 들어오나요? 감사합니다.,환불
TR00272,안녕하세요. 가입할 때 받은 웰컴 쿠폰이 안 보이는데 확인해 주세요.,회원멤버십
TR00273,수고 많으세요. 건조기에 돌려도 줄어들지 않나요? 빠른 답변 부탁드려요.,상품정보
TR00274,수고 많으세요. 주문 두 건인데 같이 묶어서 한 번에 보내주실 수 있어요?,배송문의
TR00275,색은 마음에 드는데 기장이 길어서 짧은 옵션으로 교환되나요? 확인 부탁드립니다.,교환
TR00276,안녕하세요. 사이즈별 실측 정보가 어디에 나와 있나요?,상품정보
TR00277,수고 많으세요. 세트 구성이 어떻게 되나요? 사진에 나온 거 다 포함인가요? 감사합니다.,상품정보
TR00278,문의드립니다. 이 신발 발볼 넓은 편인가요? 평소 발볼 넓은데요.,상품정보
TR00279,결제 취소하고 싶은데 어디서 하면 되나요? 빠른 답변 부탁드려요.,취소
TR00280,공동현관 비밀번호를 배송메모에 적었는데 기사님께 전달되나요? 빠른 답변 부탁드려요.,배송문의
TR00281,수고 많으세요. 주문한 상품 중에 하나만 빼고 나머지는 취소하고 싶어요.,취소
TR00282,신발 좌우 사이즈가 달라서 정상 제품으로 교환하고 싶어요. 감사합니다.,교환
TR00283,문의드립니다. 받자마자 깨져 있어서 반품하려고 하는데 사진 보내드릴까요? 빠른 답변 부탁드려요.,반품
TR00284,어제 결제했는데 아직 배송 시작도 안 했어요. 송장번호 언제 나오나요?,배송문의
TR00285,수고 많으세요. 주문 직후인데 결제 취소 처리하면 카드 승인도 같이 취소되나요? 감사합니다.,취소
TR00286,문의드립니다. 어제 결제했는데 아직 배송 시작도 안 했어요. 송장번호 언제 나오나요?,배송문의
TR00287,수고 많으세요. 방송에 나온 그 상품 어디서 찾는지 검색이 안 돼요. 확인 부탁드립니다.,기타
TR00288,수고 많으세요. 이번 달에 등급이 올랐는데 추가 할인 혜택은 어떻게 적용돼요?,회원멤버십
TR00289,미니 핸드블렌더 품절이던데 재입고 계획 있는지 궁금해요. 확인 부탁드립니다.,재입고
TR00290,안녕하세요. 실리콘 주방도구 7종 세트 사이즈만 바꾸고 싶어요. 교환 신청할게요. 확인 부탁드립니다.,교환
TR00291,문의드립니다. 해외 배송도 되나요? 외국에 있는 가족에게 보내려고요.,기타
TR00292,선물받은 상품인데 영수증 없이도 반품할 수 있나요? 감사합니다.,반품
TR00293,안녕하세요. S로 받았는데 M으로 교환 가능할까요? 추가 비용 있나요? 감사합니다.,교환
TR00294,수고 많으세요. 고객센터 운영 시간이 어떻게 되나요? 주말에도 상담되나요? 빠른 답변 부탁드려요.,기타
TR00295,안녕하세요. 전에 쓰던 제품이랑 호환되는 규격인지 확인하고 싶어요. 빠른 답변 부탁드려요.,상품정보
TR00296,문의드립니다. 택배 박스가 찌그러져서 왔는데 안에 내용물은 괜찮을지 걱정돼요.,배송문의
TR00297,수고 많으세요. 인덕션에서도 사용 가능한가요? 가스레인지 전용인가요? 확인 부탁드립니다.,상품정보
TR00298,문의드립니다. 택배사 어디로 오나요? 부재중이라 경비실에 맡겨주실 수 있나요? 감사합니다.,배송문의
TR00299,수고 많으세요. 법인카드로 결제하면 지출증빙용 영수증도 따로 받을 수 있나요? 감사합니다.,주문결제
TR00300,문의드립니다. 회원 등급이 강등됐는데 기준이 어떻게 되는 건가요? 확인 부탁드립니다.,회원멤버십
TR00301,안녕하세요. 회원 탈퇴하면 적립금은 어떻게 되나요? 감사합니다.,회원멤버십
TR00302,안녕하세요. 결제만 하고 아직 아무 진행 없으면 위약금 없이 취소되죠?,취소
TR00303,수고 많으세요. 쿠폰함에 있던 쿠폰이 사라졌는데 만료된 건가요?,회원멤버십
TR00304,안녕하세요. 새벽배송 되는 지역인지 우편번호로 확인해 주실 수 있어요?,배송문의
TR00305,문의드립니다. 결제하다가 오류 나서 두 번 눌렀는데 두 번 결제된 것 같아요. 감사합니다.,주문결제
TR00306,문의드립니다. 무통장입금 했는데 입금확인이 아직도 안 됐다고 나와요. 빠른 답변 부탁드려요.,주문결제
TR00307,문의드립니다. 지퍼가 고장 나서 같은 모델 정상품으로 교환 부탁드려요.,교환
TR00308,수고 많으세요. 무통장입금 했는데 입금확인이 아직도 안 됐다고 나와요. 감사합니다.,주문결제
TR00309,수고 많으세요. 아직 상품 준비중이던데 지금 취소하면 바로 되나요? 감사합니다.,취소
TR00310,문의드립니다. 로그인하면 자꾸 다른 사람 정보가 떠요. 계정이 섞인 것 같아요. 빠른 답변 부탁드려요.,회원멤버십
TR00311,안녕하세요. 재입고되면 가격이 오르나요? 지금이랑 같은 가격일까요?,재입고
TR00312,수고 많으세요. 한 번 신어봤는데 사이즈가 영 아니라 반품하려고요. 확인 부탁드립니다.,반품
TR00313,수고 많으세요. 품절 임박이라고 떠 있는데 추가 입고 예정 있나요? 확인 부탁드립니다.,재입고
TR00314,수고 많으세요. 적립금하고 쿠폰을 같은 주문에 둘 다 쓸 수 있나요? 감사합니다.,회원멤버십
TR00315,안녕하세요. 재입고 알림 신청했는데 알림이 안 와요. 확인 부탁드려요. 빠른 답변 부탁드려요.,재입고
TR00316,비밀번호가 기억이 안 나서 로그인을 못 하겠어요.,회원멤버십
TR00317,문의드립니다. 법인카드로 결제하면 지출증빙용 영수증도 따로 받을 수 있나요?,주문결제
TR00318,수고 많으세요. 발송 준비중이라고 떠도 지금 바로 취소 막아주실 수 있나요?,취소
TR00319,안녕하세요. 냄새가 너무 심해서 못 쓰겠어요. 반품 처리해 주세요. 빠른 답변 부탁드려요.,반품
TR00320,안녕하세요. 색은 마음에 드는데 기장이 길어서 짧은 옵션으로 교환되나요? 확인 부탁드립니다.,교환
TR00321,안녕하세요. 두 개 주문 중 하나만 취소했는데 환불액 계산이 맞는지 봐주세요. 빠른 답변 부탁드려요.,환불
TR00322,"수고 많으세요. 재입고 알림은 앱 푸시로 오나요, 문자로 오나요? 빠른 답변 부탁드려요.",재입고
TR00323,방송에 나온 그 상품 어디서 찾는지 검색이 안 돼요.,기타
TR00324,수고 많으세요. 알러지가 있는데 소재에 라텍스나 금속 성분 들어가나요? 빠른 답변 부탁드려요.,상품정보
TR00325,문의드립니다. 장바구니에 잘못 담긴 게 결제돼서 바로 취소하려고요. 확인 부탁드립니다.,취소
TR00326,골드 등급 되려면 얼마나 더 사야 하나요? 빠른 답변 부탁드려요.,회원멤버십
TR00327,"수고 많으세요. 세탁기로 돌려도 되나요, 손세탁만 해야 하나요? 빠른 답변 부탁드려요.",상품정보
TR00328,안녕하세요. 협업이나 입점 문의는 어디로 연락드리면 되나요? 빠른 답변 부탁드려요.,기타
TR00329,수고 많으세요. 오늘 안에 출고되면 내일 도착하는 건가요?,배송문의
TR00330,안녕하세요. 지금 출고됐나요? 빠른배송으로 받아볼 수 있는지 궁금해요. 감사합니다.,배송문의
TR00331,결제할 때 입력한 배송메모가 사라졌는데 다시 등록되나요? 확인 부탁드립니다.,주문결제
TR00332,수고 많으세요. 재입고 알림 신청했는데 알림이 안 와요. 확인 부탁드려요.,재입고
TR00333,문의드립니다. 배송지가 잘못돼서 그냥 취소하고 새로 주문하는 게 빠를까요? 확인 부탁드립니다.,취소
TR00334,안녕하세요. 결제 금액이 장바구니 합계랑 다르게 청구됐어요. 확인 부탁해요. 감사합니다.,주문결제
TR00335,안녕하세요. 방금 주문했는데 아직 발송 전이면 전체 취소하고 싶어요.,취소
TR00336,환불 처리됐다고 문자 왔는데 통장에 아직 안 들어왔어요. 확인 부탁드립니다.,환불
TR00337,이사 가서 주소가 바뀌었는데 출고 전에 변경 부탁드려요. 확인 부탁드립니다.,배송문의
TR00338,문의드립니다. 결제 취소 요청한 금액이 일부만 환불됐어요. 나머지는요?,환불
TR00339,제품에 하자가 있어서 반품하려는데 회수는 언제 오나요?,반품
TR00340,안녕하세요. 인덕션에서도 사용 가능한가요? 가스레인지 전용인가요? 확인 부탁드립니다.,상품정보
TR00341,수고 많으세요. 두께가 어느 정도예요? 겨울에 입어도 따뜻할까요? 확인 부탁드립니다.,상품정보
TR00342,배송지를 잘못 적었는데 출고 전이면 주소 바꿀 수 있나요?,배송문의
TR00343,알러지가 있는데 소재에 라텍스나 금속 성분 들어가나요?,상품정보
TR00344,선물포장 서비스 되나요? 메시지 카드도 넣을 수 있어요? 확인 부탁드립니다.,기타
TR00345,안녕하세요. 주문한 상품 중에 하나만 빼고 나머지는 취소하고 싶어요.,취소
TR00346,수고 많으세요. 경량 러닝화 언제 받을 수 있어요? 주말 전에 꼭 필요해서요.,배송문의
TR00347,어제 결제했는데 아직 배송 시작도 안 했어요. 송장번호 언제 나오나요? 빠른 답변 부탁드려요.,배송문의
TR00348,개인정보 처리방침은 어디서 확인할 수 있나요? 확인 부탁드립니다.,기타
TR00349,문의드립니다. 골드 등급 되려면 얼마나 더 사야 하나요? 감사합니다.,회원멤버십
TR00350,수고 많으세요. 반품 다 됐는데 배송비가 차감돼서 환불됐네요. 왜 그런가요?,환불
TR00351,문의드립니다. 오늘 도착 예정이라고 떴는데 아직도 안 왔어요. 몇 시쯤 와요?,배송문의
TR00352,문의드립니다. 주문한 것과 다른 상품이 와서 반품 신청하고 싶어요.,반품
TR00353,안녕하세요. 가지고 있는 쿠폰이 결제창에서 적용이 안 돼요. 왜 그럴까요?,주문결제
TR00354,교환할 상품 회수는 언제 오고 새 상품은 언제 받을 수 있나요? 확인 부탁드립니다.,교환
TR00355,수고 많으세요. 식기세척기에 넣고 돌려도 괜찮은 재질인가요? 감사합니다.,상품정보
TR00356,안녕하세요. 사이즈가 안 맞아서 한 치수 큰 걸로 교환하고 싶어요.,교환
TR00357,수고 많으세요. 분명 어제 발송됐다는데 송장 추적이 아직도 집화처리에 멈춰 있어요. 확인 부탁드립니다.,배송문의
TR00358,"재입고되면 따로 연락 주시나요, 아니면 알림이 오나요? 빠른 답변 부탁드려요.",재입고
TR00359,수고 많으세요. 건조기에 돌려도 줄어들지 않나요?,상품정보
TR00360,문의드립니다. 주문 넣은 거 취소할게요. 다른 상품으로 새로 주문하려고요. 감사합니다.,취소
TR00361,문의드립니다. 기프트카드 잔액으로 일부 결제하고 나머지는 카드로 할 수 있나요? 확인 부탁드립니다.,주문결제
TR00362,수고 많으세요. 포인트가 분명 있는데 결제할 때 사용 가능 금액이 0으로 떠요.,주문결제
TR00363,해외카드로도 결제가 되나요? 자꾸 승인 거절이 떠요. 감사합니다.,주문결제
TR00364,안녕하세요. 제주도인데 배송 며칠 걸려요? 도착 예정일 알려주세요. 빠른 답변 부탁드려요.,배송문의
TR00365,문의드립니다. 재입고 알림 신청했는데 알림이 안 와요. 확인 부탁드려요. 확인 부탁드립니다.,재입고
TR00366,문의드립니다. 이번 달에 등급이 올랐는데 추가 할인 혜택은 어떻게 적용돼요? 빠른 답변 부탁드려요.,회원멤버십
TR00367,수고 많으세요. 방수 되는 제품인가요? 야외에서 써도 괜찮을까요? 빠른 답변 부탁드려요.,상품정보
TR00368,회원 등급이 강등됐는데 기준이 어떻게 되는 건가요? 빠른 답변 부탁드려요.,회원멤버십
TR00369,인덕션에서도 사용 가능한가요? 가스레인지 전용인가요? 확인 부탁드립니다.,상품정보
TR00370,안녕하세요. 오늘 안에 출고되면 내일 도착하는 건가요?,배송문의
TR00371,문의드립니다. 경량 러닝화 사이즈만 바꾸고 싶어요. 교환 신청할게요. 감사합니다.,교환
TR00372,사진이랑 실물 품질 차이가 너무 커서 반품 신청합니다. 감사합니다.,반품
TR00373,안녕하세요. 반품 접수만 하면 알아서 회수 기사님이 오시는 거죠? 빠른 답변 부탁드려요.,반품
TR00374,받은 색상이 칙칙해서 사진 속 색상 옵션으로 바꾸고 싶어요.,교환
TR00375,할부로 결제하고 싶은데 몇 개월까지 무이자 되나요? 확인 부탁드립니다.,주문결제
TR00376,문의드립니다. 프린트가 비뚤게 인쇄돼서 멀쩡한 걸로 교환해 주세요. 확인 부탁드립니다.,교환
TR00377,해외카드로도 결제가 되나요? 자꾸 승인 거절이 떠요. 확인 부탁드립니다.,주문결제
TR00378,안녕하세요. 상품 관련 제휴 제안을 드리고 싶은데 메일 주소 알 수 있을까요?,기타
TR00379,문의드립니다. 오프라인 매장도 있나요? 직접 보고 사고 싶어서요. 감사합니다.,기타
TR00380,상품 관련 제휴 제안을 드리고 싶은데 메일 주소 알 수 있을까요? 감사합니다.,기타
TR00381,수고 많으세요. 리뷰 이벤트 당첨자 발표는 언제 어디서 확인하나요? 확인 부탁드립니다.,기타
TR00382,수고 많으세요. 이 제품 KC 인증 받은 정품 맞나요? 확인 부탁드립니다.,상품정보
TR00383,수고 많으세요. 받은 지 일주일 됐는데 아직 반품 신청 기간 안 지났죠? 확인 부탁드립니다.,반품
TR00384,안녕하세요. 이 제품 KC 인증 받은 정품 맞나요? 확인 부탁드립니다.,상품정보
TR00385,수고 많으세요. 회사 단체주문인데 한 건 잘못 들어가서 그 건만 취소 부탁드려요. 확인 부탁드립니다.,취소
TR00386,교환할 상품 회수는 언제 오고 새 상품은 언제 받을 수 있나요? 감사합니다.,교환
TR00387,세금계산서 발행되나요? 결제할 때 사업자 정보 넣는 데가 없어요. 확인 부탁드립니다.,주문결제
TR00388,수고 많으세요. 예약구매로 결제했는데 언제 실제로 청구되나요? 빠른 답변 부탁드려요.,주문결제
TR00389,"문의드립니다. 취소한 주문 환불이 자동으로 되는 건가요, 따로 신청해야 하나요?",환불
TR00390,안녕하세요. 재입고되면 가격이 오르나요? 지금이랑 같은 가격일까요? 빠른 답변 부탁드려요.,재입고
TR00391,수고 많으세요. 결제 금액이 장바구니 합계랑 다르게 청구됐어요. 확인 부탁해요. 빠른 답변 부탁드려요.,주문결제
TR00392,수고 많으세요. 세금계산서 발행도 가능한가요? 사업자로 구매하려고요. 빠른 답변 부탁드려요.,기타
TR00393,가지고 있는 쿠폰이 결제창에서 적용이 안 돼요. 왜 그럴까요?,주문결제
TR00394,"안녕하세요. 재입고 알림은 앱 푸시로 오나요, 문자로 오나요? 확인 부탁드립니다.",재입고
TR00395,아이디가 기억이 안 나는데 찾을 수 있을까요? 빠른 답변 부탁드려요.,회원멤버십
TR00396,문의드립니다. 조거 트레이닝 팬츠 언제 받을 수 있어요? 주말 전에 꼭 필요해서요. 감사합니다.,배송문의
TR00397,안녕하세요. 카드사 사정으로 환불이 늦어진다는데 보통 며칠 더 걸리나요? 빠른 답변 부탁드려요.,환불
TR00398,문의드립니다. 회원 등급별 혜택을 한눈에 볼 수 있는 페이지가 있나요? 빠른 답변 부탁드려요.,회원멤버십
TR00399,안녕하세요. 결제하다가 오류 나서 두 번 눌렀는데 두 번 결제된 것 같아요. 확인 부탁드립니다.,주문결제
TR00400,결제 취소 요청한 금액이 일부만 환불됐어요. 나머지는요?,환불
TR00401,수고 많으세요. S로 받았는데 M으로 교환 가능할까요? 추가 비용 있나요? 확인 부탁드립니다.,교환
TR00402,안녕하세요. 이 색상은 시즌 한정이라 재입고가 아예 안 되는 건가요? 감사합니다.,재입고
TR00403,문의드립니다. 환불 계좌를 바꾸고 싶은데 어떻게 하나요?,환불
TR00404,품절 임박이라고 떠 있는데 추가 입고 예정 있나요? 확인 부탁드립니다.,재입고
TR00405,안녕하세요. 단순 변심 반품인데 반품 배송비가 얼마나 차감되나요? 감사합니다.,반품
TR00406,반품 말고 그냥 맞는 사이즈로 바꾸기만 하고 싶어요. 감사합니다.,교환
TR00407,안녕하세요. 보증 기간이 얼마이고 AS는 어디서 받나요? 확인 부탁드립니다.,상품정보
TR00408,환불은 됐다는데 부분 금액만 들어와서 나머지가 궁금해요.,환불
TR00409,"재입고 알림은 앱 푸시로 오나요, 문자로 오나요? 빠른 답변 부탁드려요.",재입고
TR00410,안녕하세요. 배송이 너무 오래 걸려서 그냥 주문 자체를 취소하고 싶어요. 감사합니다.,취소
TR00411,문의드립니다. 인기 상품이라 그런지 늘 없네요. 재입고 주기가 어떻게 되나요? 감사합니다.,재입고
TR00412,문의드립니다. 단순 변심 반품인데 반품 배송비가 얼마나 차감되나요? 빠른 답변 부탁드려요.,반품
TR00413,안녕하세요. 재입고 알림 신청했는데 알림이 안 와요. 확인 부탁드려요.,재입고
TR00414,이 제품 KC 인증 받은 정품 맞나요? 빠른 답변 부탁드려요.,상품정보
TR00415,안녕하세요. 오늘 도착 예정이라고 떴는데 아직도 안 왔어요. 몇 시쯤 와요? 빠른 답변 부탁드려요.,배송문의
TR00416,안녕하세요. 골드 등급 되려면 얼마나 더 사야 하나요? 감사합니다.,회원멤버십
TR00417,문의드립니다. 기부 캠페인 참여하려면 어떻게 하면 되나요? 확인 부탁드립니다.,기타
TR00418,수고 많으세요. 지퍼가 고장 나서 같은 모델 정상품으로 교환 부탁드려요. 빠른 답변 부탁드려요.,교환
TR00419,분명 어제 발송됐다는데 송장 추적이 아직도 집화처리에 멈춰 있어요.,배송문의
TR00420,받아보니 생각보다 커서 반품하고 싶어요. 어떻게 신청하나요? 빠른 답변 부탁드려요.,반품
TR00421,수고 많으세요. 개인정보 처리방침은 어디서 확인할 수 있나요?,기타
TR00422,문의드립니다. 반품한 상품 회수된 지 일주일 넘었는데 환불이 아직 안 됐어요. 빠른 답변 부탁드려요.,환불
TR00423,세트 구성이 어떻게 되나요? 사진에 나온 거 다 포함인가요? 감사합니다.,상품정보
TR00424,문의드립니다. 쿠폰 잘못 써서 취소하고 다시 제대로 적용해서 주문할게요. 확인 부탁드립니다.,취소
TR00425,고객센터 운영 시간이 어떻게 되나요? 주말에도 상담되나요? 확인 부탁드립니다.,기타
TR00426,수고 많으세요. 끈 길이 조절이 되나요? 키 작은 아이가 메도 괜찮을까요? 감사합니다.,상품정보
TR00427,문의드립니다. 해외 배송도 되나요? 외국에 있는 가족에게 보내려고요. 감사합니다.,기타
TR00428,수고 많으세요. 이 색상만 계속 품절인데 다시 들어올 예정 있나요?,재입고
TR00429,안녕하세요. 지금 취소 누르면 적립금이랑 쿠폰은 다시 복구되나요? 감사합니다.,취소
TR00430,문의드립니다. 단순 변심인데 반품 가능한가요? 배송비는 제가 부담하는 거죠? 감사합니다.,반품
TR00431,문의드립니다. 쿠폰 잘못 써서 취소하고 다시 제대로 적용해서 주문할게요.,취소
TR00432,취소 처리는 됐다는데 결제 금액 환불은 언제 들어오나요? 빠른 답변 부탁드려요.,환불
TR00433,기프트카드 잔액으로 일부 결제하고 나머지는 카드로 할 수 있나요?,주문결제
TR00434,문의드립니다. 세금계산서 발행도 가능한가요? 사업자로 구매하려고요. 빠른 답변 부탁드려요.,기타
TR00435,택은 안 뗐고 한 번도 안 입었어요. 반품 접수해 주세요.,반품
TR00436,택배 박스가 찌그러져서 왔는데 안에 내용물은 괜찮을지 걱정돼요. 확인 부탁드립니다.,배송문의
TR00437,문의드립니다. 이메일 수신 동의를 바꾸고 싶은데 어디서 설정하나요? 감사합니다.,회원멤버십
TR00438,안녕하세요. 제품에 하자가 있어서 반품하려는데 회수는 언제 오나요? 빠른 답변 부탁드려요.,반품
TR00439,오늘 안에 출고되면 내일 도착하는 건가요? 빠른 답변 부탁드려요.,배송문의
TR00440,문의드립니다. 적립금으로 결제한 부분은 환불도 적립금으로 돌아오나요? 감사합니다.,환불
TR00441,문의드립니다. 결제할 때 입력한 배송메모가 사라졌는데 다시 등록되나요? 빠른 답변 부탁드려요.,주문결제
TR00442,"문의드립니다. 재입고 알림은 앱 푸시로 오나요, 문자로 오나요? 확인 부탁드립니다.",재입고
TR00443,수고 많으세요. 냄새가 너무 심해서 못 쓰겠어요. 반품 처리해 주세요. 감사합니다.,반품
TR00444,안녕하세요. 등급은 언제 갱신되나요? 매달 초인가요?,회원멤버십
TR00445,반품 접수만 하면 알아서 회수 기사님이 오시는 거죠?,반품
TR00446,결제는 됐는데 재고가 없다고 다시 연락이 왔어요. 어떻게 되나요? 빠른 답변 부탁드려요.,주문결제
TR00447,문의드립니다. 이 색상은 시즌 한정이라 재입고가 아예 안 되는 건가요? 확인 부탁드립니다.,재입고
TR00448,수고 많으세요. 키 170인데 이 바지 기장이 어느 정도 올까요? 빠른 답변 부탁드려요.,상품정보
TR00449,수고 많으세요. 카드사 사정으로 환불이 늦어진다는데 보통 며칠 더 걸리나요? 빠른 답변 부탁드려요.,환불
TR00450,환불 처리됐다고 문자 왔는데 통장에 아직 안 들어왔어요.,환불
TR00451,안녕하세요. 무통장입금 했는데 입금확인이 아직도 안 됐다고 나와요. 확인 부탁드립니다.,주문결제
TR00452,수고 많으세요. 이 모델 무게가 얼마나 나가나요? 들고 다니기 무겁지 않을까요? 감사합니다.,상품정보
TR00453,배송 시작 전에 취소 부탁드려요. 급하게 처리해 주세요. 빠른 답변 부탁드려요.,취소
TR00454,할부로 결제하고 싶은데 몇 개월까지 무이자 되나요?,주문결제
TR00455,수고 많으세요. 환불 처리 상태를 어디서 확인할 수 있나요?,환불
TR00456,수고 많으세요. 기프트카드 잔액으로 일부 결제하고 나머지는 카드로 할 수 있나요? 빠른 답변 부탁드려요.,주문결제
TR00457,문의드립니다. 예전에 팔던 모델인데 재입고 가능성이 있을까요? 확인 부탁드립니다.,재입고
TR00458,안녕하세요. 두 번에 나눠서 받기로 했는데 나머지 상품은 언제 출발해요? 감사합니다.,배송문의
TR00459,안녕하세요. 예전에 팔던 모델인데 재입고 가능성이 있을까요? 빠른 답변 부탁드려요.,재입고
TR00460,보증 기간이 얼마이고 AS는 어디서 받나요? 확인 부탁드립니다.,상품정보
TR00461,안녕하세요. 할인 적용 전 금액으로 결제됐어요. 차액 어떻게 되나요?,주문결제
TR00462,수고 많으세요. 사진이랑 실물 품질 차이가 너무 커서 반품 신청합니다. 감사합니다.,반품
TR00463,문의드립니다. 친구 추천 코드는 어디에 입력하고 혜택은 뭔가요?,회원멤버십
TR00464,수고 많으세요. 방수 되는 제품인가요? 야외에서 써도 괜찮을까요?,상품정보
TR00465,적립금으로 결제한 부분은 환불도 적립금으로 돌아오나요?,환불
TR00466,수고 많으세요. 가입할 때 받은 웰컴 쿠폰이 안 보이는데 확인해 주세요. 빠른 답변 부탁드려요.,회원멤버십
TR00467,리뷰 이벤트 당첨자 발표는 언제 어디서 확인하나요? 감사합니다.,기타
TR00468,안녕하세요. 색상이 모니터마다 다르게 보이던데 실제 톤이 어떤가요? 확인 부탁드립니다.,상품정보
TR00469,문의드립니다. 사이즈가 안 맞아서 한 치수 큰 걸로 교환하고 싶어요. 확인 부탁드립니다.,교환
TR00470,안녕하세요. 가입할 때 받은 웰컴 쿠폰이 안 보이는데 확인해 주세요. 확인 부탁드립니다.,회원멤버십
TR00471,"문의드립니다. 재입고 알림은 앱 푸시로 오나요, 문자로 오나요?",재입고
TR00472,안녕하세요. 주문번호로 실시간 배송 위치 확인할 수 있는 링크 있을까요? 빠른 답변 부탁드려요.,배송문의
TR00473,수고 많으세요. 재입고 알림 여러 상품 걸어놨는데 한꺼번에 관리할 수 있나요? 감사합니다.,재입고
TR00474,수고 많으세요. 이 가방에 13인치 노트북이 들어가는 크기인가요? 확인 부탁드립니다.,상품정보
TR00475,결제일이랑 환불일이 다른 달인데 카드값에 어떻게 반영돼요? 빠른 답변 부탁드려요.,환불
TR00476,불량이라 같은 걸로 교환 원해요. 교환 배송비는 안 드는 거죠? 확인 부탁드립니다.,교환
TR00477,안녕하세요. 배송 중에 파손돼서 왔어요. 동일 상품으로 교환해 주세요. 감사합니다.,교환
TR00478,안녕하세요. 회원 등급이 강등됐는데 기준이 어떻게 되는 건가요? 빠른 답변 부탁드려요.,회원멤버십
TR00479,수고 많으세요. 이 모델 무게가 얼마나 나가나요? 들고 다니기 무겁지 않을까요? 확인 부탁드립니다.,상품정보
TR00480,안녕하세요. 주문 직후인데 결제 취소 처리하면 카드 승인도 같이 취소되나요? 확인 부탁드립니다.,취소
TR00481,문의드립니다. 이 가방에 13인치 노트북이 들어가는 크기인가요? 감사합니다.,상품정보
TR00482,안녕하세요. 어제 결제했는데 아직 배송 시작도 안 했어요. 송장번호 언제 나오나요? 빠른 답변 부탁드려요.,배송문의
TR00483,문의드립니다. 사진이랑 실물 품질 차이가 너무 커서 반품 신청합니다. 빠른 답변 부탁드려요.,반품
TR00484,수고 많으세요. 신발 좌우 사이즈가 달라서 정상 제품으로 교환하고 싶어요. 확인 부탁드립니다.,교환
TR00485,사이즈가 안 맞아서 한 치수 큰 걸로 교환하고 싶어요. 감사합니다.,교환
TR00486,결제만 하고 아직 아무 진행 없으면 위약금 없이 취소되죠? 확인 부탁드립니다.,취소
TR00487,문의드립니다. 결제할 때 입력한 배송메모가 사라졌는데 다시 등록되나요?,주문결제
TR00488,방금 주문했는데 아직 발송 전이면 전체 취소하고 싶어요. 빠른 답변 부탁드려요.,취소
TR00489,안녕하세요. 친구 추천 코드는 어디에 입력하고 혜택은 뭔가요?,회원멤버십
TR00490,받는 사람 이름을 다르게 적었는데 그대로 배송되나요?,배송문의
TR00491,문의드립니다. 이 가방에 13인치 노트북이 들어가는 크기인가요?,상품정보
TR00492,수고 많으세요. 받자마자 깨져 있어서 반품하려고 하는데 사진 보내드릴까요?,반품
TR00493,문의드립니다. 이 색상만 계속 품절인데 다시 들어올 예정 있나요? 감사합니다.,재입고
TR00494,색상이 모니터마다 다르게 보이던데 실제 톤이 어떤가요? 빠른 답변 부탁드려요.,상품정보
TR00495,생일 쿠폰 발급된다고 했는데 아직 안 들어왔어요. 빠른 답변 부탁드려요.,회원멤버십
TR00496,오늘 안에 출고되면 내일 도착하는 건가요? 확인 부탁드립니다.,배송문의
TR00497,안녕하세요. 쿠폰 할인받고 샀는데 환불 금액에 그게 어떻게 반영되나요?,환불
TR00498,휴대폰 소액결제 한도가 초과됐다는데 다른 방법은 없나요? 감사합니다.,주문결제
TR00499,안녕하세요. 이 모델 무게가 얼마나 나가나요? 들고 다니기 무겁지 않을까요? 확인 부탁드립니다.,상품정보
TR00500,발송 준비중이라고 떠도 지금 바로 취소 막아주실 수 있나요? 감사합니다.,취소
TR00501,리뷰 이벤트 당첨자 발표는 언제 어디서 확인하나요? 확인 부탁드립니다.,기타
TR00502,안녕하세요. 배송 출발하면 문자로 알림 받을 수 있나요? 확인 부탁드립니다.,배송문의
TR00503,수고 많으세요. 특정 옵션만 빠르게 다시 들어오는 편인지 궁금해요. 빠른 답변 부탁드려요.,재입고
TR00504,수고 많으세요. 보증 기간이 얼마이고 AS는 어디서 받나요? 감사합니다.,상품정보
TR00505,문의드립니다. 배송 중에 파손돼서 왔어요. 동일 상품으로 교환해 주세요. 확인 부탁드립니다.,교환
TR00506,안녕하세요. 지퍼가 고장 나서 같은 모델 정상품으로 교환 부탁드려요. 확인 부탁드립니다.,교환
TR00507,안녕하세요. 법인카드로 결제하면 지출증빙용 영수증도 따로 받을 수 있나요? 빠른 답변 부탁드려요.,주문결제
TR00508,회원 등급이 강등됐는데 기준이 어떻게 되는 건가요? 확인 부탁드립니다.,회원멤버십
TR00509,할부로 결제하고 싶은데 몇 개월까지 무이자 되나요? 빠른 답변 부탁드려요.,주문결제
TR00510,무통장입금 가상계좌 입금기한이 지났는데 재발급 가능해요? 빠른 답변 부탁드려요.,주문결제
TR00511,문의드립니다. 냄새가 너무 심해서 못 쓰겠어요. 반품 처리해 주세요. 확인 부탁드립니다.,반품
TR00512,수고 많으세요. 받자마자 깨져 있어서 반품하려고 하는데 사진 보내드릴까요? 확인 부탁드립니다.,반품
TR00513,카드사 사정으로 환불이 늦어진다는데 보통 며칠 더 걸리나요? 확인 부탁드립니다.,환불
TR00514,문의드립니다. 선물받은 상품인데 영수증 없이도 반품할 수 있나요? 빠른 답변 부탁드려요.,반품
TR00515,다른 색으로 바꾸고 싶은데 그 색이 더 비싸면 차액만 내면 되나요? 확인 부탁드립니다.,교환
TR00516,수고 많으세요. 색상이 모니터마다 다르게 보이던데 실제 톤이 어떤가요? 빠른 답변 부탁드려요.,상품정보
TR00517,쿠폰 잘못 써서 취소하고 다시 제대로 적용해서 주문할게요. 확인 부탁드립니다.,취소
TR00518,안녕하세요. 골드 등급 되려면 얼마나 더 사야 하나요? 빠른 답변 부탁드려요.,회원멤버십
TR00519,전압이 220V 맞나요? 해외에서도 쓸 수 있는지 궁금해요. 빠른 답변 부탁드려요.,상품정보
TR00520,안녕하세요. 포인트가 분명 있는데 결제할 때 사용 가능 금액이 0으로 떠요. 확인 부탁드립니다.,주문결제
TR00521,안녕하세요. 장바구니에서 결제하려는데 자꾸 오류 페이지로 넘어가요.,주문결제
TR00522,문의드립니다. 적립금하고 쿠폰을 같은 주문에 둘 다 쓸 수 있나요? 확인 부탁드립니다.,회원멤버십
TR00523,안녕하세요. 휴대폰 소액결제 한도가 초과됐다는데 다른 방법은 없나요?,주문결제
TR00524,환불 영수증이나 증빙을 받을 수 있을까요? 회사 제출용이에요.,환불
TR00525,도서산간 지역인데 추가 배송일이 얼마나 더 걸리나요? 빠른 답변 부탁드려요.,배송문의
TR00526,"수고 많으세요. 취소한 주문 환불이 자동으로 되는 건가요, 따로 신청해야 하나요? 빠른 답변 부탁드려요.",환불
TR00527,안녕하세요. 환불 영수증이나 증빙을 받을 수 있을까요? 회사 제출용이에요.,환불
TR00528,유통기한이 임박한 게 와서 반품하고 싶은데 가능할까요? 빠른 답변 부탁드려요.,반품
TR00529,기부 캠페인 참여하려면 어떻게 하면 되나요? 감사합니다.,기타
TR00530,안녕하세요. 지금 취소 누르면 적립금이랑 쿠폰은 다시 복구되나요? 빠른 답변 부탁드려요.,취소
TR00531,결제는 됐는데 재고가 없다고 다시 연락이 왔어요. 어떻게 되나요? 감사합니다.,주문결제
TR00532,안녕하세요. 이 신발 발볼 넓은 편인가요? 평소 발볼 넓은데요. 확인 부탁드립니다.,상품정보
TR00533,방수 되는 제품인가요? 야외에서 써도 괜찮을까요? 확인 부탁드립니다.,상품정보
TR00534,수고 많으세요. 무통장으로 결제했는데 환불은 어느 계좌로 받게 되나요? 확인 부탁드립니다.,환불
TR00535,안녕하세요. 아직 상품 준비중이던데 지금 취소하면 바로 되나요?,취소
TR00536,문의드립니다. 주문한 상품 중에 하나만 빼고 나머지는 취소하고 싶어요. 빠른 답변 부탁드려요.,취소
TR00537,안녕하세요. 박음질이 터져 있어서 같은 상품으로 교환 요청합니다.,교환
TR00538,적립금으로 결제한 부분은 환불도 적립금으로 돌아오나요? 빠른 답변 부탁드려요.,환불
TR00539,안녕하세요. 한 번 신어봤는데 사이즈가 영 아니라 반품하려고요.,반품
TR00540,가입할 때 받은 웰컴 쿠폰이 안 보이는데 확인해 주세요. 빠른 답변 부탁드려요.,회원멤버십
TR00541,안녕하세요. 결제 취소 요청한 금액이 일부만 환불됐어요. 나머지는요? 확인 부탁드립니다.,환불
TR00542,쿠폰함에 있던 쿠폰이 사라졌는데 만료된 건가요? 확인 부탁드립니다.,회원멤버십
TR00543,키 170인데 이 바지 기장이 어느 정도 올까요?,상품정보
TR00544,배송지가 잘못돼서 그냥 취소하고 새로 주문하는 게 빠를까요? 빠른 답변 부탁드려요.,취소
TR00545,문의드립니다. 할부로 결제하고 싶은데 몇 개월까지 무이자 되나요? 감사합니다.,주문결제
TR00546,수고 많으세요. 상품 관련 제휴 제안을 드리고 싶은데 메일 주소 알 수 있을까요? 확인 부탁드립니다.,기타
TR00547,"안녕하세요. 반품하려는데 회수 기사님이 직접 오시는 건가요, 제가 보내야 하나요?",반품
TR00548,수고 많으세요. 무통장입금 가상계좌 입금기한이 지났는데 재발급 가능해요? 빠른 답변 부탁드려요.,주문결제
TR00549,문의드립니다. 할인 적용 전 금액으로 결제됐어요. 차액 어떻게 되나요?,주문결제
TR00550,문의드립니다. 다목적 베이킹소다 세정티슈 80매 사이즈만 바꾸고 싶어요. 교환 신청할게요. 빠른 답변 부탁드려요.,교환
TR00551,친구 추천 코드는 어디에 입력하고 혜택은 뭔가요? 확인 부탁드립니다.,회원멤버십
TR00552,단순 변심 반품인데 반품 배송비가 얼마나 차감되나요? 확인 부탁드립니다.,반품
TR00553,수고 많으세요. 이 제품 KC 인증 받은 정품 맞나요?,상품정보
TR00554,문의드립니다. 결제는 됐는데 재고가 없다고 다시 연락이 왔어요. 어떻게 되나요? 확인 부탁드립니다.,주문결제
TR00555,수고 많으세요. 탈퇴했다가 다시 가입하면 예전 등급이 유지되나요? 빠른 답변 부탁드려요.,회원멤버십
TR00556,안녕하세요. 배송 시작 전에 취소 부탁드려요. 급하게 처리해 주세요. 빠른 답변 부탁드려요.,취소
TR00557,지퍼가 고장 나서 같은 모델 정상품으로 교환 부탁드려요. 확인 부탁드립니다.,교환
TR00558,수고 많으세요. 할인 적용 전 금액으로 결제됐어요. 차액 어떻게 되나요? 감사합니다.,주문결제
TR00559,받은 색상이 칙칙해서 사진 속 색상 옵션으로 바꾸고 싶어요. 확인 부탁드립니다.,교환
TR00560,수고 많으세요. 상품 관련 제휴 제안을 드리고 싶은데 메일 주소 알 수 있을까요? 빠른 답변 부탁드려요.,기타
TR00561,프린트가 비뚤게 인쇄돼서 멀쩡한 걸로 교환해 주세요.,교환
TR00562,문의드립니다. 주말에도 배송되나요? 토요일에 받아야 해서요.,배송문의
TR00563,기프트카드 잔액으로 일부 결제하고 나머지는 카드로 할 수 있나요? 빠른 답변 부탁드려요.,주문결제
TR00564,세트 구성이 어떻게 되나요? 사진에 나온 거 다 포함인가요? 빠른 답변 부탁드려요.,상품정보
TR00565,안녕하세요. 부분 반품했는데 그만큼만 환불되는 게 맞나요? 금액이 이상해요. 빠른 답변 부탁드려요.,환불
TR00566,본인인증이 자꾸 실패하는데 다른 방법으로 인증할 수 있나요? 확인 부탁드립니다.,회원멤버십
TR00567,문의드립니다. 쿠폰 할인받고 샀는데 환불 금액에 그게 어떻게 반영되나요? 빠른 답변 부탁드려요.,환불
TR00568,수고 많으세요. 친구 추천 코드는 어디에 입력하고 혜택은 뭔가요? 빠른 답변 부탁드려요.,회원멤버십
TR00569,안녕하세요. 무통장입금 했는데 입금확인이 아직도 안 됐다고 나와요. 빠른 답변 부탁드려요.,주문결제
TR00570,반품 다 됐는데 배송비가 차감돼서 환불됐네요. 왜 그런가요? 감사합니다.,환불
TR00571,인플루언서 협찬 문의는 어느 부서로 해야 하나요? 빠른 답변 부탁드려요.,기타
TR00572,안녕하세요. 주문서에서 수량을 잘못 넣어 결제됐어요. 금액 정정이 되나요?,주문결제
TR00573,수고 많으세요. 지금 출고됐나요? 빠른배송으로 받아볼 수 있는지 궁금해요.,배송문의
TR00574,생일 쿠폰 발급된다고 했는데 아직 안 들어왔어요. 감사합니다.,회원멤버십
TR00575,수고 많으세요. 받은 색상이 칙칙해서 사진 속 색상 옵션으로 바꾸고 싶어요.,교환
TR00576,현관 앞 말고 택배함에 넣어달라고 요청할 수 있나요? 확인 부탁드립니다.,배송문의
TR00577,수고 많으세요. 받는 사람 이름을 다르게 적었는데 그대로 배송되나요? 빠른 답변 부탁드려요.,배송문의
TR00578,문의드립니다. 선물포장 서비스 되나요? 메시지 카드도 넣을 수 있어요? 확인 부탁드립니다.,기타
TR00579,회원 탈퇴하면 적립금은 어떻게 되나요? 빠른 답변 부탁드려요.,회원멤버십
TR00580,안녕하세요. 환불 처리됐다고 문자 왔는데 통장에 아직 안 들어왔어요.,환불
TR00581,수고 많으세요. 환불은 됐다는데 부분 금액만 들어와서 나머지가 궁금해요.,환불
TR00582,수고 많으세요. 받은 지 일주일 됐는데 아직 반품 신청 기간 안 지났죠? 감사합니다.,반품
TR00583,수고 많으세요. 이번 달에 등급이 올랐는데 추가 할인 혜택은 어떻게 적용돼요? 확인 부탁드립니다.,회원멤버십
TR00584,수고 많으세요. 두 개 주문 중 하나만 취소했는데 환불액 계산이 맞는지 봐주세요.,환불
TR00585,유통기한이 임박한 게 와서 반품하고 싶은데 가능할까요? 감사합니다.,반품
TR00586,인덕션에서도 사용 가능한가요? 가스레인지 전용인가요? 빠른 답변 부탁드려요.,상품정보
TR00587,수고 많으세요. 쿠폰 잘못 써서 취소하고 다시 제대로 적용해서 주문할게요. 빠른 답변 부탁드려요.,취소
TR00588,미니 핸드블렌더 품절이던데 재입고 계획 있는지 궁금해요. 빠른 답변 부탁드려요.,재입고
TR00589,휴면계정으로 전환됐다는데 다시 활성화하려면 어떻게 하나요? 빠른 답변 부탁드려요.,회원멤버십
TR00590,수고 많으세요. 카드사 사정으로 환불이 늦어진다는데 보통 며칠 더 걸리나요?,환불
TR00591,문의드립니다. 박음질이 터져 있어서 같은 상품으로 교환 요청합니다.,교환
TR00592,수고 많으세요. 친구 추천 코드는 어디에 입력하고 혜택은 뭔가요? 확인 부탁드립니다.,회원멤버십
TR00593,수고 많으세요. 새벽배송 되는 지역인지 우편번호로 확인해 주실 수 있어요?,배송문의
TR00594,안녕하세요. 결제 금액이 장바구니 합계랑 다르게 청구됐어요. 확인 부탁해요.,주문결제
TR00595,재입고 알림 신청했는데 알림이 안 와요. 확인 부탁드려요. 빠른 답변 부탁드려요.,재입고
TR00596,친구 추천 코드는 어디에 입력하고 혜택은 뭔가요? 감사합니다.,회원멤버십
TR00597,주문서에서 수량을 잘못 넣어 결제됐어요. 금액 정정이 되나요? 빠른 답변 부탁드려요.,주문결제
TR00598,수고 많으세요. 현금영수증 신청을 깜빡했는데 사후 발급 가능한가요?,주문결제
TR00599,문의드립니다. 쿠폰함에 있던 쿠폰이 사라졌는데 만료된 건가요? 확인 부탁드립니다.,회원멤버십
TR00600,사진이랑 실물 품질 차이가 너무 커서 반품 신청합니다. 확인 부탁드립니다.,반품
TR00601,문의드립니다. 세금계산서 발행도 가능한가요? 사업자로 구매하려고요. 확인 부탁드립니다.,기타
TR00602,안녕하세요. 카드 승인은 났는데 주문이 실패라고 떠요. 중복결제 된 건 아니죠? 빠른 답변 부탁드려요.,주문결제
TR00603,문의드립니다. 회원 등급별 혜택을 한눈에 볼 수 있는 페이지가 있나요? 확인 부탁드립니다.,회원멤버십
TR00604,수고 많으세요. 결제할 때 입력한 배송메모가 사라졌는데 다시 등록되나요? 빠른 답변 부탁드려요.,주문결제
TR00605,수고 많으세요. 첫 구매 할인 코드를 넣었는데 적용이 안 되네요. 만료된 건가요? 빠른 답변 부탁드려요.,주문결제
TR00606,안녕하세요. 결제는 됐는데 재고가 없다고 다시 연락이 왔어요. 어떻게 되나요?,주문결제
TR00607,예전에 팔던 모델인데 재입고 가능성이 있을까요? 빠른 답변 부탁드려요.,재입고
TR00608,회사 단체주문인데 한 건 잘못 들어가서 그 건만 취소 부탁드려요.,취소
TR00609,기부 캠페인 참여하려면 어떻게 하면 되나요?,기타
TR00610,방수 되는 제품인가요? 야외에서 써도 괜찮을까요?,상품정보
TR00611,수고 많으세요. 은행 점검 시간이라 입금이 안 됐는데 주문이 취소될까 봐 걱정돼요. 감사합니다.,주문결제
TR00612,수고 많으세요. 엘리베이터 공사 중이라 1층에 두고 가시라고 메모 남길 수 있나요? 감사합니다.,배송문의
TR00613,문의드립니다. 리뷰 이벤트 당첨자 발표는 언제 어디서 확인하나요? 확인 부탁드립니다.,기타
TR00614,로그인하면 자꾸 다른 사람 정보가 떠요. 계정이 섞인 것 같아요.,회원멤버십
TR00615,문의드립니다. 부분 반품했는데 그만큼만 환불되는 게 맞나요? 금액이 이상해요. 빠른 답변 부탁드려요.,환불
TR00616,안녕하세요. 휴대폰 소액결제 한도가 초과됐다는데 다른 방법은 없나요? 확인 부탁드립니다.,주문결제
TR00617,문의드립니다. 배송지를 잘못 적었는데 출고 전이면 주소 바꿀 수 있나요? 확인 부탁드립니다.,배송문의
TR00618,주문번호로 실시간 배송 위치 확인할 수 있는 링크 있을까요? 감사합니다.,배송문의
TR00619,휴면계정으로 전환됐다는데 다시 활성화하려면 어떻게 하나요? 감사합니다.,회원멤버십
TR00620,안녕하세요. 끈 길이 조절이 되나요? 키 작은 아이가 메도 괜찮을까요?,상품정보
TR00621,문의드립니다. 주말에도 배송되나요? 토요일에 받아야 해서요. 감사합니다.,배송문의
TR00622,수고 많으세요. 휴대폰 소액결제 한도가 초과됐다는데 다른 방법은 없나요? 빠른 답변 부탁드려요.,주문결제
TR00623,수고 많으세요. 사이즈별 실측 정보가 어디에 나와 있나요? 확인 부탁드립니다.,상품정보
TR00624,안녕하세요. 방금 주문했는데 아직 발송 전이면 전체 취소하고 싶어요. 확인 부탁드립니다.,취소
TR00625,제주도인데 배송 며칠 걸려요? 도착 예정일 알려주세요. 확인 부탁드립니다.,배송문의
TR00626,안녕하세요. 첫 구매 할인 코드를 넣었는데 적용이 안 되네요. 만료된 건가요? 확인 부탁드립니다.,주문결제
TR00627,수고 많으세요. 현금영수증 신청을 깜빡했는데 사후 발급 가능한가요? 확인 부탁드립니다.,주문결제
TR00628,문의드립니다. 전에 쓰던 제품이랑 호환되는 규격인지 확인하고 싶어요. 감사합니다.,상품정보
TR00629,문의드립니다. 장바구니에서 결제하려는데 자꾸 오류 페이지로 넘어가요.,주문결제
TR00630,"수고 많으세요. 반품하려는데 회수 기사님이 직접 오시는 건가요, 제가 보내야 하나요? 감사합니다.",반품
TR00631,안녕하세요. 두 개 주문 중 하나만 취소했는데 환불액 계산이 맞는지 봐주세요. 감사합니다.,환불
TR00632,상품 관련 제휴 제안을 드리고 싶은데 메일 주소 알 수 있을까요? 확인 부탁드립니다.,기타
TR00633,문의드립니다. 오늘 안에 출고되면 내일 도착하는 건가요? 확인 부탁드립니다.,배송문의
TR00634,결제만 하고 아직 아무 진행 없으면 위약금 없이 취소되죠?,취소
TR00635,안녕하세요. 받는 사람 이름을 다르게 적었는데 그대로 배송되나요? 감사합니다.,배송문의
TR00636,안녕하세요. 선물포장 서비스 되나요? 메시지 카드도 넣을 수 있어요? 확인 부탁드립니다.,기타
TR00637,법인카드로 결제하면 지출증빙용 영수증도 따로 받을 수 있나요? 감사합니다.,주문결제
TR00638,개인정보 처리방침은 어디서 확인할 수 있나요? 빠른 답변 부탁드려요.,기타
TR00639,수고 많으세요. 가입할 때 받은 웰컴 쿠폰이 안 보이는데 확인해 주세요. 감사합니다.,회원멤버십
TR00640,수고 많으세요. 주문할 때 부재중이라 편의점 픽업으로 바꿀 수 있나요? 빠른 답변 부탁드려요.,배송문의
TR00641,수고 많으세요. 쿠폰함에 있던 쿠폰이 사라졌는데 만료된 건가요? 감사합니다.,회원멤버십
TR00642,인기 상품이라 그런지 늘 없네요. 재입고 주기가 어떻게 되나요?,재입고
TR00643,문의드립니다. 단순 변심인데 반품 가능한가요? 배송비는 제가 부담하는 거죠? 빠른 답변 부탁드려요.,반품
TR00644,안녕하세요. 로그인하면 자꾸 다른 사람 정보가 떠요. 계정이 섞인 것 같아요. 감사합니다.,회원멤버십
TR00645,수고 많으세요. 비밀번호가 기억이 안 나서 로그인을 못 하겠어요.,회원멤버십
TR00646,안녕하세요. 두 개 주문 중 하나만 취소했는데 환불액 계산이 맞는지 봐주세요. 확인 부탁드립니다.,환불
TR00647,안녕하세요. 적립금으로 결제한 부분은 환불도 적립금으로 돌아오나요?,환불
TR00648,받는 사람 이름을 다르게 적었는데 그대로 배송되나요? 감사합니다.,배송문의
TR00649,안녕하세요. 지퍼가 고장 나서 같은 모델 정상품으로 교환 부탁드려요.,교환
TR00650,예약구매로 결제했는데 언제 실제로 청구되나요? 빠른 답변 부탁드려요.,주문결제
TR00651,수고 많으세요. 주문번호로 실시간 배송 위치 확인할 수 있는 링크 있을까요? 확인 부탁드립니다.,배송문의
TR00652,수고 많으세요. 간편결제로 했는데 승인 문자만 오고 주문은 안 들어갔어요.,주문결제
TR00653,환불은 됐다는데 부분 금액만 들어와서 나머지가 궁금해요. 감사합니다.,환불
TR00654,수고 많으세요. 이 가방에 13인치 노트북이 들어가는 크기인가요? 빠른 답변 부탁드려요.,상품정보
TR00655,오늘 도착 예정이라고 떴는데 아직도 안 왔어요. 몇 시쯤 와요? 감사합니다.,배송문의
TR00656,두 번에 나눠서 받기로 했는데 나머지 상품은 언제 출발해요? 감사합니다.,배송문의
TR00657,수고 많으세요. 친구 추천 코드는 어디에 입력하고 혜택은 뭔가요? 감사합니다.,회원멤버십
TR00658,예약 주문한 건데 출시 전에 취소도 가능한가요?,취소
TR00659,제품에 하자가 있어서 반품하려는데 회수는 언제 오나요? 확인 부탁드립니다.,반품
TR00660,안녕하세요. 휴면계정으로 전환됐다는데 다시 활성화하려면 어떻게 하나요?,회원멤버십
TR00661,해외 배송도 되나요? 외국에 있는 가족에게 보내려고요. 감사합니다.,기타
TR00662,안녕하세요. 장바구니에 잘못 담긴 게 결제돼서 바로 취소하려고요. 빠른 답변 부탁드려요.,취소
TR00663,고밀도 코튼 셔츠 품절이던데 재입고 계획 있는지 궁금해요. 감사합니다.,재입고
TR00664,안녕하세요. 받아보니 생각보다 커서 반품하고 싶어요. 어떻게 신청하나요? 빠른 답변 부탁드려요.,반품
TR00665,안녕하세요. 가입할 때 받은 웰컴 쿠폰이 안 보이는데 확인해 주세요. 감사합니다.,회원멤버십
TR00666,문의드립니다. 로그인하면 자꾸 다른 사람 정보가 떠요. 계정이 섞인 것 같아요. 감사합니다.,회원멤버십
TR00667,안녕하세요. 세금계산서 발행되나요? 결제할 때 사업자 정보 넣는 데가 없어요. 감사합니다.,주문결제
TR00668,문의드립니다. 결제일이랑 환불일이 다른 달인데 카드값에 어떻게 반영돼요? 빠른 답변 부탁드려요.,환불
TR00669,안녕하세요. 이 제품 KC 인증 받은 정품 맞나요?,상품정보
TR00670,수고 많으세요. 주문 넣은 거 취소할게요. 다른 상품으로 새로 주문하려고요.,취소
TR00671,수고 많으세요. 카드 할부로 샀는데 환불하면 할부도 자동으로 취소되나요? 빠른 답변 부탁드려요.,환불
TR00672,안녕하세요. 구성품 중 하나가 빠져서 왔는데 이 경우도 반품되나요? 빠른 답변 부탁드려요.,반품
TR00673,안녕하세요. 장바구니에 잘못 담긴 게 결제돼서 바로 취소하려고요.,취소
TR00674,문의드립니다. 식기세척기에 넣고 돌려도 괜찮은 재질인가요?,상품정보
TR00675,수고 많으세요. 회원정보에 주소를 여러 개 저장해둘 수 있나요? 확인 부탁드립니다.,회원멤버십
TR00676,택배사 어디로 오나요? 부재중이라 경비실에 맡겨주실 수 있나요? 감사합니다.,배송문의
TR00677,세금계산서 발행되나요? 결제할 때 사업자 정보 넣는 데가 없어요. 감사합니다.,주문결제
TR00678,결제 금액이 장바구니 합계랑 다르게 청구됐어요. 확인 부탁해요. 빠른 답변 부탁드려요.,주문결제
TR00679,수고 많으세요. 예약 주문한 건데 출시 전에 취소도 가능한가요?,취소
TR00680,수고 많으세요. 장바구니에 잘못 담긴 게 결제돼서 바로 취소하려고요.,취소
TR00681,수고 많으세요. 결제 수단을 카드에서 계좌이체로 바꾸고 싶은데 가능한가요? 감사합니다.,주문결제
TR00682,안녕하세요. 무통장으로 결제했는데 환불은 어느 계좌로 받게 되나요?,환불
TR00683,수고 많으세요. 구매한 상품으로 콘텐츠 만들어도 저작권 문제 없나요? 빠른 답변 부탁드려요.,기타
TR00684,수고 많으세요. S로 받았는데 M으로 교환 가능할까요? 추가 비용 있나요?,교환
TR00685,안녕하세요. 현금영수증 발급된 건인데 환불하면 그것도 취소되나요? 빠른 답변 부탁드려요.,환불
TR00686,현금영수증 발급된 건인데 환불하면 그것도 취소되나요? 확인 부탁드립니다.,환불
TR00687,문의드립니다. 전압이 220V 맞나요? 해외에서도 쓸 수 있는지 궁금해요. 빠른 답변 부탁드려요.,상품정보
TR00688,카드 할부로 샀는데 환불하면 할부도 자동으로 취소되나요? 감사합니다.,환불
TR00689,수고 많으세요. 출고 전이라고 안내받았는데 취소 접수 좀 서둘러 주세요. 확인 부탁드립니다.,취소
TR00690,품절 임박이라고 떠 있는데 추가 입고 예정 있나요? 감사합니다.,재입고
TR00691,문의드립니다. 카드사 사정으로 환불이 늦어진다는데 보통 며칠 더 걸리나요? 감사합니다.,환불
TR00692,끈 길이 조절이 되나요? 키 작은 아이가 메도 괜찮을까요?,상품정보
TR00693,결제하자마자 마음이 바뀌었어요. 주문 취소되나요? 빠른 답변 부탁드려요.,취소
TR00694,반품한 상품 회수된 지 일주일 넘었는데 환불이 아직 안 됐어요. 빠른 답변 부탁드려요.,환불
TR00695,결제하자마자 마음이 바뀌었어요. 주문 취소되나요? 감사합니다.,취소
TR00696,간편결제로 했는데 승인 문자만 오고 주문은 안 들어갔어요. 빠른 답변 부탁드려요.,주문결제
TR00697,"취소한 주문 환불이 자동으로 되는 건가요, 따로 신청해야 하나요? 감사합니다.",환불
TR00698,문의드립니다. 주문 넣은 거 취소할게요. 다른 상품으로 새로 주문하려고요. 빠른 답변 부탁드려요.,취소
TR00699,이 색상만 계속 품절인데 다시 들어올 예정 있나요?,재입고
TR00700,"같은 가격대 다른 모델로도 교환이 되나요, 아니면 동일상품만 되나요? 빠른 답변 부탁드려요.",교환
TR00701,수고 많으세요. 이 색상은 시즌 한정이라 재입고가 아예 안 되는 건가요? 감사합니다.,재입고
TR00702,수고 많으세요. 이사 가서 주소가 바뀌었는데 출고 전에 변경 부탁드려요. 감사합니다.,배송문의
TR00703,수고 많으세요. 생일 쿠폰 발급된다고 했는데 아직 안 들어왔어요. 감사합니다.,회원멤버십
TR00704,사이즈 하나만 품절인데 그것만 재입고 되나요? 빠른 답변 부탁드려요.,재입고
TR00705,문의드립니다. 회사로 배송지 바꾸고 싶은데 이미 상품 준비중이면 안 되나요?,배송문의
TR00706,안녕하세요. 결제 수단을 카드에서 계좌이체로 바꾸고 싶은데 가능한가요? 빠른 답변 부탁드려요.,주문결제
TR00707,수고 많으세요. 보증 기간이 얼마이고 AS는 어디서 받나요?,상품정보
TR00708,리뷰 이벤트 당첨자 발표는 언제 어디서 확인하나요?,기타
TR00709,안녕하세요. 키 170인데 이 바지 기장이 어느 정도 올까요? 감사합니다.,상품정보
TR00710,안녕하세요. 작동이 안 되는 불량이라 반품하려는데 어떤 증빙이 필요한가요? 빠른 답변 부탁드려요.,반품
TR00711,수고 많으세요. 이메일 수신 동의를 바꾸고 싶은데 어디서 설정하나요? 확인 부탁드립니다.,회원멤버십
TR00712,문의드립니다. 필터는 어디서 따로 구매하나요? 교체 주기는 얼마예요?,상품정보
TR00713,문의드립니다. 재입고되면 가격이 오르나요? 지금이랑 같은 가격일까요? 확인 부탁드립니다.,재입고
TR00714,문의드립니다. 재입고 알림 여러 상품 걸어놨는데 한꺼번에 관리할 수 있나요?,재입고
TR00715,제품에 하자가 있어서 반품하려는데 회수는 언제 오나요? 감사합니다.,반품
TR00716,결제만 하고 아직 아무 진행 없으면 위약금 없이 취소되죠? 감사합니다.,취소
TR00717,무통장입금 했는데 입금확인이 아직도 안 됐다고 나와요. 빠른 답변 부탁드려요.,주문결제
TR00718,주문 두 건인데 같이 묶어서 한 번에 보내주실 수 있어요?,배송문의
TR00719,휴면계정으로 전환됐다는데 다시 활성화하려면 어떻게 하나요?,회원멤버십
TR00720,문의드립니다. 제품에 하자가 있어서 반품하려는데 회수는 언제 오나요? 빠른 답변 부탁드려요.,반품
TR00721,안녕하세요. 아직 상품 준비중이던데 지금 취소하면 바로 되나요? 빠른 답변 부탁드려요.,취소
TR00722,주문서에서 수량을 잘못 넣어 결제됐어요. 금액 정정이 되나요?,주문결제
TR00723,수고 많으세요. 부분 반품했는데 그만큼만 환불되는 게 맞나요? 금액이 이상해요.,환불
TR00724,문의드립니다. 적립금으로 결제한 부분은 환불도 적립금으로 돌아오나요?,환불
TR00725,수고 많으세요. 쿠폰 잘못 써서 취소하고 다시 제대로 적용해서 주문할게요. 감사합니다.,취소
TR00726,"문의드립니다. 반품하려는데 회수 기사님이 직접 오시는 건가요, 제가 보내야 하나요? 감사합니다.",반품
TR00727,안녕하세요. 받자마자 깨져 있어서 반품하려고 하는데 사진 보내드릴까요? 빠른 답변 부탁드려요.,반품
TR00728,안녕하세요. 도서산간 지역인데 추가 배송일이 얼마나 더 걸리나요? 빠른 답변 부탁드려요.,배송문의
TR00729,수고 많으세요. 결제 수단을 카드에서 계좌이체로 바꾸고 싶은데 가능한가요? 빠른 답변 부탁드려요.,주문결제
TR00730,주문 넣은 거 취소할게요. 다른 상품으로 새로 주문하려고요. 확인 부탁드립니다.,취소
TR00731,문의드립니다. 할인 적용 전 금액으로 결제됐어요. 차액 어떻게 되나요? 확인 부탁드립니다.,주문결제
TR00732,문의드립니다. 제품에 하자가 있어서 반품하려는데 회수는 언제 오나요? 감사합니다.,반품
TR00733,결제할 때 입력한 배송메모가 사라졌는데 다시 등록되나요? 감사합니다.,주문결제
TR00734,쿠폰 할인받고 샀는데 환불 금액에 그게 어떻게 반영되나요? 확인 부탁드립니다.,환불
TR00735,안녕하세요. 어제 결제했는데 아직 배송 시작도 안 했어요. 송장번호 언제 나오나요? 확인 부탁드립니다.,배송문의
TR00736,안녕하세요. 제주도인데 배송 며칠 걸려요? 도착 예정일 알려주세요.,배송문의
TR00737,안녕하세요. 골드 등급 되려면 얼마나 더 사야 하나요?,회원멤버십
TR00738,수고 많으세요. 상품이 마음에 안 들 것 같아서 받기 전에 미리 취소할게요. 감사합니다.,취소
TR00739,주문서에서 수량을 잘못 넣어 결제됐어요. 금액 정정이 되나요? 감사합니다.,주문결제
TR00740,부분 반품했는데 그만큼만 환불되는 게 맞나요? 금액이 이상해요. 빠른 답변 부탁드려요.,환불
TR00741,수고 많으세요. 어제 결제했는데 아직 배송 시작도 안 했어요. 송장번호 언제 나오나요?,배송문의
TR00742,문의드립니다. 색상이 모니터마다 다르게 보이던데 실제 톤이 어떤가요? 감사합니다.,상품정보
TR00743,광고 문자 수신 거부하고 싶은데 어떻게 하나요?,기타
TR00744,배송지를 잘못 적었는데 출고 전이면 주소 바꿀 수 있나요? 감사합니다.,배송문의
TR00745,"재입고 알림은 앱 푸시로 오나요, 문자로 오나요?",재입고
TR00746,본인인증이 자꾸 실패하는데 다른 방법으로 인증할 수 있나요? 빠른 답변 부탁드려요.,회원멤버십
TR00747,문의드립니다. 신발 좌우 사이즈가 달라서 정상 제품으로 교환하고 싶어요. 빠른 답변 부탁드려요.,교환
TR00748,수고 많으세요. 무통장입금 했는데 입금확인이 아직도 안 됐다고 나와요.,주문결제
TR00749,문의드립니다. 품절 임박이라고 떠 있는데 추가 입고 예정 있나요? 빠른 답변 부탁드려요.,재입고
TR00750,수고 많으세요. 은행 점검 시간이라 입금이 안 됐는데 주문이 취소될까 봐 걱정돼요.,주문결제
TR00751,안녕하세요. 결제일이랑 환불일이 다른 달인데 카드값에 어떻게 반영돼요? 빠른 답변 부탁드려요.,환불
TR00752,건조기에 돌려도 줄어들지 않나요? 감사합니다.,상품정보
TR00753,보증 기간이 얼마이고 AS는 어디서 받나요? 빠른 답변 부탁드려요.,상품정보
TR00754,"안녕하세요. 세탁기로 돌려도 되나요, 손세탁만 해야 하나요? 감사합니다.",상품정보
TR00755,수고 많으세요. 제품에 하자가 있어서 반품하려는데 회수는 언제 오나요?,반품
TR00756,유통기한이 임박한 게 와서 반품하고 싶은데 가능할까요? 확인 부탁드립니다.,반품
TR00757,안녕하세요. 필터는 어디서 따로 구매하나요? 교체 주기는 얼마예요? 확인 부탁드립니다.,상품정보
TR00758,안녕하세요. 전압이 220V 맞나요? 해외에서도 쓸 수 있는지 궁금해요.,상품정보
TR00759,써지컬 스틸 체인목걸이 언제 받을 수 있어요? 주말 전에 꼭 필요해서요.,배송문의
TR00760,수고 많으세요. 택배 박스가 찌그러져서 왔는데 안에 내용물은 괜찮을지 걱정돼요.,배송문의
TR00761,문의드립니다. 새벽배송 되는 지역인지 우편번호로 확인해 주실 수 있어요? 빠른 답변 부탁드려요.,배송문의
TR00762,카드 승인은 났는데 주문이 실패라고 떠요. 중복결제 된 건 아니죠? 감사합니다.,주문결제
TR00763,이 제품 KC 인증 받은 정품 맞나요?,상품정보
TR00764,안녕하세요. 재입고됐다고 알림 받고 들어왔는데 벌써 또 품절이네요. 확인 부탁드립니다.,재입고
TR00765,문의드립니다. 구성품 중 하나가 빠져서 왔는데 이 경우도 반품되나요?,반품
TR00766,안녕하세요. 주말에도 배송되나요? 토요일에 받아야 해서요. 감사합니다.,배송문의
TR00767,수고 많으세요. 배송 출발하면 문자로 알림 받을 수 있나요? 감사합니다.,배송문의
TR00768,문의드립니다. 첫 구매 할인 코드를 넣었는데 적용이 안 되네요. 만료된 건가요?,주문결제
TR00769,수고 많으세요. 카드 할부로 샀는데 환불하면 할부도 자동으로 취소되나요? 확인 부탁드립니다.,환불
TR00770,문의드립니다. 같은 상품 다른 색상으로 교환도 되나요? 감사합니다.,교환
TR00771,문의드립니다. 카드사 사정으로 환불이 늦어진다는데 보통 며칠 더 걸리나요?,환불
TR00772,문의드립니다. 발송 준비중이라고 떠도 지금 바로 취소 막아주실 수 있나요? 빠른 답변 부탁드려요.,취소
TR00773,문의드립니다. 다른 색으로 바꾸고 싶은데 그 색이 더 비싸면 차액만 내면 되나요?,교환
TR00774,문의드립니다. 두 개 주문 중 하나만 취소했는데 환불액 계산이 맞는지 봐주세요. 빠른 답변 부탁드려요.,환불
TR00775,문의드립니다. 세금계산서 발행도 가능한가요? 사업자로 구매하려고요.,기타
TR00776,안녕하세요. 결제만 하고 아직 아무 진행 없으면 위약금 없이 취소되죠? 빠른 답변 부탁드려요.,취소
TR00777,주문한 것과 다른 상품이 와서 반품 신청하고 싶어요. 빠른 답변 부탁드려요.,반품
TR00778,안녕하세요. 택은 안 뗐고 한 번도 안 입었어요. 반품 접수해 주세요.,반품
TR00779,수고 많으세요. 두 개 샀는데 그중 하나만 반품하고 싶어요. 부분 반품 되나요? 빠른 답변 부탁드려요.,반품
TR00780,수고 많으세요. 반품한 상품 회수된 지 일주일 넘었는데 환불이 아직 안 됐어요. 확인 부탁드립니다.,환불
TR00781,박음질이 터져 있어서 같은 상품으로 교환 요청합니다.,교환
TR00782,한 번 신어봤는데 사이즈가 영 아니라 반품하려고요. 확인 부탁드립니다.,반품
TR00783,안녕하세요. 방수 되는 제품인가요? 야외에서 써도 괜찮을까요? 감사합니다.,상품정보
TR00784,안녕하세요. 플리츠 롱스커트 언제 받을 수 있어요? 주말 전에 꼭 필요해서요.,배송문의
TR00785,안녕하세요. 교환할 상품 회수는 언제 오고 새 상품은 언제 받을 수 있나요? 감사합니다.,교환
TR00786,수고 많으세요. 불량이라 같은 걸로 교환 원해요. 교환 배송비는 안 드는 거죠?,교환
TR00787,안녕하세요. 식기세척기에 넣고 돌려도 괜찮은 재질인가요?,상품정보
TR00788,안녕하세요. 반품한 상품 회수된 지 일주일 넘었는데 환불이 아직 안 됐어요. 확인 부탁드립니다.,환불
TR00789,안녕하세요. 로그인하면 자꾸 다른 사람 정보가 떠요. 계정이 섞인 것 같아요. 빠른 답변 부탁드려요.,회원멤버십
TR00790,결제 금액이 장바구니 합계랑 다르게 청구됐어요. 확인 부탁해요. 확인 부탁드립니다.,주문결제
TR00791,프린트가 비뚤게 인쇄돼서 멀쩡한 걸로 교환해 주세요. 확인 부탁드립니다.,교환
TR00792,문의드립니다. 회사로 배송지 바꾸고 싶은데 이미 상품 준비중이면 안 되나요? 확인 부탁드립니다.,배송문의
TR00793,이 가방에 13인치 노트북이 들어가는 크기인가요? 빠른 답변 부탁드려요.,상품정보
TR00794,공동현관 비밀번호를 배송메모에 적었는데 기사님께 전달되나요? 확인 부탁드립니다.,배송문의
TR00795,받자마자 깨져 있어서 반품하려고 하는데 사진 보내드릴까요? 감사합니다.,반품
TR00796,안녕하세요. 제품에 하자가 있어서 반품하려는데 회수는 언제 오나요?,반품
TR00797,수고 많으세요. 전에 쓰던 제품이랑 호환되는 규격인지 확인하고 싶어요. 확인 부탁드립니다.,상품정보
TR00798,수고 많으세요. 받아보니 생각보다 커서 반품하고 싶어요. 어떻게 신청하나요? 확인 부탁드립니다.,반품
TR00799,수고 많으세요. 광고 문자 수신 거부하고 싶은데 어떻게 하나요? 감사합니다.,기타
TR00800,문의드립니다. 로그인하면 자꾸 다른 사람 정보가 떠요. 계정이 섞인 것 같아요. 확인 부탁드립니다.,회원멤버십
TR00801,수고 많으세요. 골드 등급 되려면 얼마나 더 사야 하나요?,회원멤버십
TR00802,수고 많으세요. 이 모델 무게가 얼마나 나가나요? 들고 다니기 무겁지 않을까요? 빠른 답변 부탁드려요.,상품정보
TR00803,안녕하세요. 주문번호로 실시간 배송 위치 확인할 수 있는 링크 있을까요?,배송문의
TR00804,"세탁기로 돌려도 되나요, 손세탁만 해야 하나요?",상품정보
TR00805,교환 신청하면 회수랑 재배송이 동시에 진행되나요? 감사합니다.,교환
TR00806,"수고 많으세요. 재입고 알림은 앱 푸시로 오나요, 문자로 오나요?",재입고
TR00807,안녕하세요. 무통장입금 가상계좌 입금기한이 지났는데 재발급 가능해요?,주문결제
TR00808,안녕하세요. 회사로 배송지 바꾸고 싶은데 이미 상품 준비중이면 안 되나요?,배송문의
TR00809,키 170인데 이 바지 기장이 어느 정도 올까요? 감사합니다.,상품정보
TR00810,"문의드립니다. 취소한 주문 환불이 자동으로 되는 건가요, 따로 신청해야 하나요? 감사합니다.",환불
TR00811,S로 받았는데 M으로 교환 가능할까요? 추가 비용 있나요? 확인 부탁드립니다.,교환
TR00812,문의드립니다. 고객센터 운영 시간이 어떻게 되나요? 주말에도 상담되나요?,기타
TR00813,문의드립니다. 사진이랑 실물 품질 차이가 너무 커서 반품 신청합니다.,반품
TR00814,안녕하세요. 제주도인데 배송 며칠 걸려요? 도착 예정일 알려주세요. 감사합니다.,배송문의
TR00815,안녕하세요. 이번 달에 등급이 올랐는데 추가 할인 혜택은 어떻게 적용돼요?,회원멤버십
TR00816,문의드립니다. 생일 쿠폰 발급된다고 했는데 아직 안 들어왔어요.,회원멤버십
TR00817,안녕하세요. 다음 입고 물량은 언제쯤 풀리는지 대략이라도 알 수 있을까요? 빠른 답변 부탁드려요.,재입고
TR00818,문의드립니다. 이메일 수신 동의를 바꾸고 싶은데 어디서 설정하나요? 빠른 답변 부탁드려요.,회원멤버십
TR00819,수고 많으세요. 유통기한이 임박한 게 와서 반품하고 싶은데 가능할까요? 확인 부탁드립니다.,반품
TR00820,안녕하세요. 프린트가 비뚤게 인쇄돼서 멀쩡한 걸로 교환해 주세요.,교환
TR00821,문의드립니다. 취소 처리는 됐다는데 결제 금액 환불은 언제 들어오나요? 빠른 답변 부탁드려요.,환불
TR00822,안녕하세요. 받아보니 생각보다 커서 반품하고 싶어요. 어떻게 신청하나요? 확인 부탁드립니다.,반품
TR00823,비밀번호가 기억이 안 나서 로그인을 못 하겠어요. 확인 부탁드립니다.,회원멤버십
TR00824,품절 임박이라고 떠 있는데 추가 입고 예정 있나요? 빠른 답변 부탁드려요.,재입고
TR00825,출고 전이라고 안내받았는데 취소 접수 좀 서둘러 주세요. 확인 부탁드립니다.,취소
TR00826,수고 많으세요. 받아보니 생각보다 커서 반품하고 싶어요. 어떻게 신청하나요? 빠른 답변 부탁드려요.,반품
TR00827,수고 많으세요. 회원 등급이 강등됐는데 기준이 어떻게 되는 건가요? 감사합니다.,회원멤버십
TR00828,수고 많으세요. 건조기에 돌려도 줄어들지 않나요? 감사합니다.,상품정보
TR00829,안녕하세요. 예약 주문한 건데 출시 전에 취소도 가능한가요? 감사합니다.,취소
TR00830,문의드립니다. 이 모델 무게가 얼마나 나가나요? 들고 다니기 무겁지 않을까요? 확인 부탁드립니다.,상품정보
TR00831,사이즈를 잘못 골라서 일단 취소하고 다시 주문할게요. 감사합니다.,취소
TR00832,지금 출고됐나요? 빠른배송으로 받아볼 수 있는지 궁금해요. 확인 부탁드립니다.,배송문의
TR00833,수고 많으세요. 1.7L 전기포트 언제 받을 수 있어요? 주말 전에 꼭 필요해서요.,배송문의
TR00834,수고 많으세요. 적립금으로 결제한 부분은 환불도 적립금으로 돌아오나요?,환불
TR00835,안녕하세요. 반품 다 됐는데 배송비가 차감돼서 환불됐네요. 왜 그런가요? 확인 부탁드립니다.,환불
TR00836,문의드립니다. 전에 쓰던 제품이랑 호환되는 규격인지 확인하고 싶어요.,상품정보
TR00837,방송에 나온 그 상품 어디서 찾는지 검색이 안 돼요. 빠른 답변 부탁드려요.,기타
TR00838,안녕하세요. 선물할 거라 더 큰 사이즈로 교환하고 싶은데 가능할까요? 확인 부탁드립니다.,교환
TR00839,문의드립니다. 한 번에 다 품절돼서 그러는데 보통 얼마 만에 다시 채워지나요? 빠른 답변 부탁드려요.,재입고
TR00840,문의드립니다. 아이디가 기억이 안 나는데 찾을 수 있을까요?,회원멤버십
TR00841,문의드립니다. 포인트가 분명 있는데 결제할 때 사용 가능 금액이 0으로 떠요. 감사합니다.,주문결제
TR00842,수고 많으세요. 재입고됐다고 알림 받고 들어왔는데 벌써 또 품절이네요. 확인 부탁드립니다.,재입고
TR00843,수고 많으세요. 반품 다 됐는데 배송비가 차감돼서 환불됐네요. 왜 그런가요? 감사합니다.,환불
TR00844,문의드립니다. 회사 단체주문인데 한 건 잘못 들어가서 그 건만 취소 부탁드려요. 확인 부탁드립니다.,취소
TR00845,카드사 사정으로 환불이 늦어진다는데 보통 며칠 더 걸리나요? 빠른 답변 부탁드려요.,환불
TR00846,수고 많으세요. 색상이 화면이랑 너무 달라서 반품할게요. 빠른 답변 부탁드려요.,반품
TR00847,문의드립니다. 고객센터 운영 시간이 어떻게 되나요? 주말에도 상담되나요? 빠른 답변 부탁드려요.,기타
TR00848,문의드립니다. 현금영수증 발급된 건인데 환불하면 그것도 취소되나요? 확인 부탁드립니다.,환불
TR00849,안녕하세요. 색상이 모니터마다 다르게 보이던데 실제 톤이 어떤가요?,상품정보
TR00850,수고 많으세요. 주문 직후인데 결제 취소 처리하면 카드 승인도 같이 취소되나요? 빠른 답변 부탁드려요.,취소
TR00851,안녕하세요. 아이디가 기억이 안 나는데 찾을 수 있을까요? 확인 부탁드립니다.,회원멤버십
TR00852,수고 많으세요. 리뷰 이벤트 당첨자 발표는 언제 어디서 확인하나요? 감사합니다.,기타
TR00853,안녕하세요. 카드 승인은 났는데 주문이 실패라고 떠요. 중복결제 된 건 아니죠?,주문결제
TR00854,문의드립니다. 방송에 나온 그 상품 어디서 찾는지 검색이 안 돼요. 감사합니다.,기타
TR00855,전에 쓰던 제품이랑 호환되는 규격인지 확인하고 싶어요. 확인 부탁드립니다.,상품정보
TR00856,문의드립니다. 결제는 됐는데 재고가 없다고 다시 연락이 왔어요. 어떻게 되나요? 빠른 답변 부탁드려요.,주문결제
TR00857,문의드립니다. 기프트카드로 산 건데 환불도 기프트카드로만 되나요?,환불
TR00858,법인카드로 결제하면 지출증빙용 영수증도 따로 받을 수 있나요? 확인 부탁드립니다.,주문결제
TR00859,택배사 어디로 오나요? 부재중이라 경비실에 맡겨주실 수 있나요? 확인 부탁드립니다.,배송문의
TR00860,문의드립니다. 무통장으로 결제했는데 환불은 어느 계좌로 받게 되나요? 빠른 답변 부탁드려요.,환불
TR00861,유통기한이 임박한 게 와서 반품하고 싶은데 가능할까요?,반품
TR00862,문의드립니다. 환불은 됐다는데 부분 금액만 들어와서 나머지가 궁금해요. 확인 부탁드립니다.,환불
TR00863,포인트가 분명 있는데 결제할 때 사용 가능 금액이 0으로 떠요. 빠른 답변 부탁드려요.,주문결제
TR00864,문의드립니다. 제주도인데 배송 며칠 걸려요? 도착 예정일 알려주세요.,배송문의
TR00865,수고 많으세요. 같은 상품 다른 색상으로 교환도 되나요? 빠른 답변 부탁드려요.,교환
TR00866,친구 추천 코드는 어디에 입력하고 혜택은 뭔가요? 빠른 답변 부탁드려요.,회원멤버십
TR00867,필터는 어디서 따로 구매하나요? 교체 주기는 얼마예요? 확인 부탁드립니다.,상품정보
TR00868,문의드립니다. 교환 신청하면 회수랑 재배송이 동시에 진행되나요?,교환
TR00869,수고 많으세요. 이 색상만 계속 품절인데 다시 들어올 예정 있나요? 감사합니다.,재입고
TR00870,문의드립니다. 회원정보에 주소를 여러 개 저장해둘 수 있나요?,회원멤버십
TR00871,결제하다가 오류 나서 두 번 눌렀는데 두 번 결제된 것 같아요. 빠른 답변 부탁드려요.,주문결제
TR00872,문의드립니다. 받은 색상이 칙칙해서 사진 속 색상 옵션으로 바꾸고 싶어요.,교환
TR00873,문의드립니다. 받는 사람 이름을 다르게 적었는데 그대로 배송되나요? 감사합니다.,배송문의
TR00874,안녕하세요. 도서산간 지역인데 추가 배송일이 얼마나 더 걸리나요? 확인 부탁드립니다.,배송문의
TR00875,주문 두 건인데 같이 묶어서 한 번에 보내주실 수 있어요? 빠른 답변 부탁드려요.,배송문의
TR00876,문의드립니다. 오늘 안에 출고되면 내일 도착하는 건가요?,배송문의
TR00877,고객센터 운영 시간이 어떻게 되나요? 주말에도 상담되나요? 빠른 답변 부탁드려요.,기타
TR00878,안녕하세요. 색상이 화면이랑 너무 달라서 반품할게요. 감사합니다.,반품
TR00879,이 가방에 13인치 노트북이 들어가는 크기인가요? 감사합니다.,상품정보
TR00880,안녕하세요. 은행 점검 시간이라 입금이 안 됐는데 주문이 취소될까 봐 걱정돼요. 감사합니다.,주문결제
TR00881,수고 많으세요. 선물할 거라 더 큰 사이즈로 교환하고 싶은데 가능할까요? 감사합니다.,교환
TR00882,문의드립니다. 쿠폰함에 있던 쿠폰이 사라졌는데 만료된 건가요?,회원멤버십
TR00883,문의드립니다. 환불 처리됐다고 문자 왔는데 통장에 아직 안 들어왔어요. 확인 부탁드립니다.,환불
TR00884,수고 많으세요. 결제일이랑 환불일이 다른 달인데 카드값에 어떻게 반영돼요?,환불
TR00885,은행 점검 시간이라 입금이 안 됐는데 주문이 취소될까 봐 걱정돼요. 빠른 답변 부탁드려요.,주문결제
TR00886,수고 많으세요. 결제일이랑 환불일이 다른 달인데 카드값에 어떻게 반영돼요? 확인 부탁드립니다.,환불
TR00887,수고 많으세요. 간편결제로 했는데 승인 문자만 오고 주문은 안 들어갔어요. 확인 부탁드립니다.,주문결제
TR00888,수고 많으세요. 두 개 주문 중 하나만 취소했는데 환불액 계산이 맞는지 봐주세요. 감사합니다.,환불
TR00889,수고 많으세요. 개인정보 처리방침은 어디서 확인할 수 있나요? 감사합니다.,기타
TR00890,수고 많으세요. 색상이 화면이랑 너무 달라서 반품할게요.,반품
TR00891,두 개 샀는데 그중 하나만 반품하고 싶어요. 부분 반품 되나요? 확인 부탁드립니다.,반품
TR00892,구매한 상품으로 콘텐츠 만들어도 저작권 문제 없나요? 빠른 답변 부탁드려요.,기타
TR00893,문의드립니다. 다음 입고 물량은 언제쯤 풀리는지 대략이라도 알 수 있을까요? 감사합니다.,재입고
TR00894,할부로 결제하고 싶은데 몇 개월까지 무이자 되나요? 감사합니다.,주문결제
TR00895,안녕하세요. 택배사 어디로 오나요? 부재중이라 경비실에 맡겨주실 수 있나요? 확인 부탁드립니다.,배송문의
TR00896,수고 많으세요. 쿠폰함에 있던 쿠폰이 사라졌는데 만료된 건가요? 빠른 답변 부탁드려요.,회원멤버십
TR00897,안녕하세요. 주문 직후인데 결제 취소 처리하면 카드 승인도 같이 취소되나요?,취소
TR00898,문의드립니다. 받은 색상이 칙칙해서 사진 속 색상 옵션으로 바꾸고 싶어요. 확인 부탁드립니다.,교환
TR00899,안녕하세요. 환불 계좌를 바꾸고 싶은데 어떻게 하나요? 빠른 답변 부탁드려요.,환불
TR00900,분명 어제 발송됐다는데 송장 추적이 아직도 집화처리에 멈춰 있어요. 감사합니다.,배송문의
TR00901,수고 많으세요. 은행 점검 시간이라 입금이 안 됐는데 주문이 취소될까 봐 걱정돼요. 빠른 답변 부탁드려요.,주문결제
TR00902,문의드립니다. 환불 처리 상태를 어디서 확인할 수 있나요? 빠른 답변 부탁드려요.,환불
TR00903,이번 달에 등급이 올랐는데 추가 할인 혜택은 어떻게 적용돼요? 확인 부탁드립니다.,회원멤버십
TR00904,수고 많으세요. 주말에도 배송되나요? 토요일에 받아야 해서요.,배송문의
TR00905,문의드립니다. 세트 구성이 어떻게 되나요? 사진에 나온 거 다 포함인가요? 빠른 답변 부탁드려요.,상품정보
TR00906,안녕하세요. 출고 전이라고 안내받았는데 취소 접수 좀 서둘러 주세요. 빠른 답변 부탁드려요.,취소
TR00907,안녕하세요. 주문 두 건인데 같이 묶어서 한 번에 보내주실 수 있어요? 감사합니다.,배송문의
TR00908,한 번에 다 품절돼서 그러는데 보통 얼마 만에 다시 채워지나요? 확인 부탁드립니다.,재입고
TR00909,안녕하세요. 상품이 마음에 안 들 것 같아서 받기 전에 미리 취소할게요.,취소
TR00910,회사로 배송지 바꾸고 싶은데 이미 상품 준비중이면 안 되나요? 감사합니다.,배송문의
TR00911,문의드립니다. 결제할 때 입력한 배송메모가 사라졌는데 다시 등록되나요? 확인 부탁드립니다.,주문결제
TR00912,회원 탈퇴하면 적립금은 어떻게 되나요? 감사합니다.,회원멤버십
TR00913,수고 많으세요. 인기 상품이라 그런지 늘 없네요. 재입고 주기가 어떻게 되나요? 확인 부탁드립니다.,재입고
TR00914,안녕하세요. 선물받은 상품인데 영수증 없이도 반품할 수 있나요? 빠른 답변 부탁드려요.,반품
TR00915,오늘 안에 출고되면 내일 도착하는 건가요?,배송문의
TR00916,냄새가 너무 심해서 못 쓰겠어요. 반품 처리해 주세요. 감사합니다.,반품
TR00917,문의드립니다. 결제 수단을 카드에서 계좌이체로 바꾸고 싶은데 가능한가요? 확인 부탁드립니다.,주문결제
TR00918,수고 많으세요. 방금 주문했는데 아직 발송 전이면 전체 취소하고 싶어요. 감사합니다.,취소
TR00919,주문 넣은 거 취소할게요. 다른 상품으로 새로 주문하려고요.,취소
TR00920,문의드립니다. 재입고되면 가격이 오르나요? 지금이랑 같은 가격일까요?,재입고
TR00921,안녕하세요. 회사로 배송지 바꾸고 싶은데 이미 상품 준비중이면 안 되나요? 확인 부탁드립니다.,배송문의
TR00922,수고 많으세요. 사이즈를 잘못 골라서 일단 취소하고 다시 주문할게요. 빠른 답변 부탁드려요.,취소
TR00923,수고 많으세요. 두 번에 나눠서 받기로 했는데 나머지 상품은 언제 출발해요?,배송문의
TR00924,수고 많으세요. 오늘 안에 출고되면 내일 도착하는 건가요? 감사합니다.,배송문의
TR00925,문의드립니다. 교환 신청하면 회수랑 재배송이 동시에 진행되나요? 확인 부탁드립니다.,교환
TR00926,안녕하세요. 사이즈별 실측 정보가 어디에 나와 있나요? 빠른 답변 부탁드려요.,상품정보
TR00927,주문할 때 부재중이라 편의점 픽업으로 바꿀 수 있나요?,배송문의
TR00928,안녕하세요. 이 모델 무게가 얼마나 나가나요? 들고 다니기 무겁지 않을까요?,상품정보
TR00929,수고 많으세요. 끈 길이 조절이 되나요? 키 작은 아이가 메도 괜찮을까요?,상품정보
TR00930,안녕하세요. 예약 주문한 건데 출시 전에 취소도 가능한가요?,취소
TR00931,문의드립니다. 결제 취소 요청한 금액이 일부만 환불됐어요. 나머지는요? 빠른 답변 부탁드려요.,환불
TR00932,문의드립니다. 주문 직후인데 결제 취소 처리하면 카드 승인도 같이 취소되나요?,취소
TR00933,안녕하세요. 재입고되면 가격이 오르나요? 지금이랑 같은 가격일까요? 감사합니다.,재입고
TR00934,문의드립니다. 포인트가 분명 있는데 결제할 때 사용 가능 금액이 0으로 떠요.,주문결제
TR00935,문의드립니다. 오프라인 매장도 있나요? 직접 보고 사고 싶어서요.,기타
TR00936,배송완료라고 뜨는데 문 앞에 물건이 없어요. 분실된 것 같아요. 빠른 답변 부탁드려요.,배송문의
TR00937,안녕하세요. 리뷰 이벤트 당첨자 발표는 언제 어디서 확인하나요? 감사합니다.,기타
TR00938,등급은 언제 갱신되나요? 매달 초인가요? 확인 부탁드립니다.,회원멤버십
TR00939,안녕하세요. 회원 등급별 혜택을 한눈에 볼 수 있는 페이지가 있나요? 확인 부탁드립니다.,회원멤버십
TR00940,결제 취소하고 싶은데 어디서 하면 되나요? 감사합니다.,취소
TR00941,안녕하세요. 이 색상은 시즌 한정이라 재입고가 아예 안 되는 건가요? 확인 부탁드립니다.,재입고
TR00942,수고 많으세요. 신발 좌우 사이즈가 달라서 정상 제품으로 교환하고 싶어요.,교환
TR00943,수고 많으세요. 오프라인 매장도 있나요? 직접 보고 사고 싶어서요.,기타
TR00944,수고 많으세요. 결제하자마자 마음이 바뀌었어요. 주문 취소되나요?,취소
TR00945,수고 많으세요. 교환 신청하면 회수랑 재배송이 동시에 진행되나요?,교환
TR00946,반품 말고 그냥 맞는 사이즈로 바꾸기만 하고 싶어요. 확인 부탁드립니다.,교환
TR00947,문의드립니다. 어제 결제했는데 아직 배송 시작도 안 했어요. 송장번호 언제 나오나요? 빠른 답변 부탁드려요.,배송문의
TR00948,안녕하세요. 카드 할부로 샀는데 환불하면 할부도 자동으로 취소되나요? 감사합니다.,환불
TR00949,"문의드립니다. 반품 회수 박스는 따로 준비해야 하나요, 원래 박스 쓰면 되나요?",반품
TR00950,문의드립니다. 받은 지 일주일 됐는데 아직 반품 신청 기간 안 지났죠?,반품
TR00951,안녕하세요. 환불은 됐다는데 부분 금액만 들어와서 나머지가 궁금해요. 확인 부탁드립니다.,환불
TR00952,문의드립니다. 탈퇴했다가 다시 가입하면 예전 등급이 유지되나요? 확인 부탁드립니다.,회원멤버십
TR00953,안녕하세요. 첫 구매 할인 코드를 넣었는데 적용이 안 되네요. 만료된 건가요? 빠른 답변 부탁드려요.,주문결제
TR00954,안녕하세요. 배송 시작 전에 취소 부탁드려요. 급하게 처리해 주세요.,취소
TR00955,안녕하세요. 예약구매로 결제했는데 언제 실제로 청구되나요? 확인 부탁드립니다.,주문결제
TR00956,선물받은 상품인데 영수증 없이도 반품할 수 있나요? 확인 부탁드립니다.,반품
TR00957,결제 취소 요청한 금액이 일부만 환불됐어요. 나머지는요? 확인 부탁드립니다.,환불
TR00958,안녕하세요. 배송지가 잘못돼서 그냥 취소하고 새로 주문하는 게 빠를까요? 확인 부탁드립니다.,취소
TR00959,안녕하세요. 쿠폰함에 있던 쿠폰이 사라졌는데 만료된 건가요? 감사합니다.,회원멤버십
TR00960,안녕하세요. 작동이 안 되는 불량이라 반품하려는데 어떤 증빙이 필요한가요?,반품
TR00961,안녕하세요. 주문할 때 부재중이라 편의점 픽업으로 바꿀 수 있나요? 감사합니다.,배송문의
TR00962,안녕하세요. 배송 시작 전에 취소 부탁드려요. 급하게 처리해 주세요. 확인 부탁드립니다.,취소
TR00963,안녕하세요. 오프라인 매장도 있나요? 직접 보고 사고 싶어서요.,기타
TR00964,반품 다 됐는데 배송비가 차감돼서 환불됐네요. 왜 그런가요?,환불
TR00965,문의드립니다. 도서산간 지역인데 추가 배송일이 얼마나 더 걸리나요?,배송문의
TR00966,문의드립니다. 보증 기간이 얼마이고 AS는 어디서 받나요?,상품정보
TR00967,택배사 어디로 오나요? 부재중이라 경비실에 맡겨주실 수 있나요?,배송문의
TR00968,안녕하세요. 휴면계정으로 전환됐다는데 다시 활성화하려면 어떻게 하나요? 빠른 답변 부탁드려요.,회원멤버십
TR00969,안녕하세요. 배송지가 잘못돼서 그냥 취소하고 새로 주문하는 게 빠를까요?,취소
TR00970,끈 길이 조절이 되나요? 키 작은 아이가 메도 괜찮을까요? 빠른 답변 부탁드려요.,상품정보
TR00971,세금계산서 발행도 가능한가요? 사업자로 구매하려고요.,기타
TR00972,안녕하세요. 주문한 것과 다른 상품이 와서 반품 신청하고 싶어요. 확인 부탁드립니다.,반품
TR00973,수고 많으세요. 할인 적용 전 금액으로 결제됐어요. 차액 어떻게 되나요?,주문결제
TR00974,포인트가 분명 있는데 결제할 때 사용 가능 금액이 0으로 떠요. 감사합니다.,주문결제
TR00975,문의드립니다. 버튼이 하나 빠져 있어서 새것으로 교환 요청드려요. 감사합니다.,교환
TR00976,불량이라 같은 걸로 교환 원해요. 교환 배송비는 안 드는 거죠? 빠른 답변 부탁드려요.,교환
TR00977,오늘 안에 출고되면 내일 도착하는 건가요? 감사합니다.,배송문의
TR00978,두 개 샀는데 그중 하나만 반품하고 싶어요. 부분 반품 되나요?,반품
TR00979,전압이 220V 맞나요? 해외에서도 쓸 수 있는지 궁금해요.,상품정보
TR00980,문의드립니다. 등급은 언제 갱신되나요? 매달 초인가요? 빠른 답변 부탁드려요.,회원멤버십
TR00981,수고 많으세요. 오늘 도착 예정이라고 떴는데 아직도 안 왔어요. 몇 시쯤 와요?,배송문의
TR00982,안녕하세요. 세금계산서 발행되나요? 결제할 때 사업자 정보 넣는 데가 없어요. 확인 부탁드립니다.,주문결제
TR00983,두 번에 나눠서 받기로 했는데 나머지 상품은 언제 출발해요? 확인 부탁드립니다.,배송문의
TR00984,수고 많으세요. 반품한 상품 회수된 지 일주일 넘었는데 환불이 아직 안 됐어요.,환불
TR00985,안녕하세요. 기업 단체복으로 단체 주문하려는데 담당자 연락처 있나요? 감사합니다.,기타
TR00986,수고 많으세요. 인플루언서 협찬 문의는 어느 부서로 해야 하나요? 감사합니다.,기타
TR00987,이 색상만 계속 품절인데 다시 들어올 예정 있나요? 확인 부탁드립니다.,재입고
TR00988,문의드립니다. 택배 박스가 찌그러져서 왔는데 안에 내용물은 괜찮을지 걱정돼요. 확인 부탁드립니다.,배송문의
TR00989,안녕하세요. 무선 미니 핸디 청소기 사이즈만 바꾸고 싶어요. 교환 신청할게요. 빠른 답변 부탁드려요.,교환
TR00990,수고 많으세요. 배송 출발하면 문자로 알림 받을 수 있나요? 빠른 답변 부탁드려요.,배송문의
TR00991,문의드립니다. 인덕션에서도 사용 가능한가요? 가스레인지 전용인가요? 감사합니다.,상품정보
TR00992,수고 많으세요. 단순 변심 반품인데 반품 배송비가 얼마나 차감되나요?,반품
TR00993,수고 많으세요. 사진이랑 실물 품질 차이가 너무 커서 반품 신청합니다.,반품
TR00994,수고 많으세요. 기프트카드 잔액으로 일부 결제하고 나머지는 카드로 할 수 있나요? 감사합니다.,주문결제
TR00995,"취소한 주문 환불이 자동으로 되는 건가요, 따로 신청해야 하나요? 빠른 답변 부탁드려요.",환불
TR00996,문의드립니다. 회사로 배송지 바꾸고 싶은데 이미 상품 준비중이면 안 되나요? 감사합니다.,배송문의
TR00997,문의드립니다. 버튼이 하나 빠져 있어서 새것으로 교환 요청드려요. 확인 부탁드립니다.,교환
TR00998,수고 많으세요. 간편결제로 했는데 승인 문자만 오고 주문은 안 들어갔어요. 빠른 답변 부탁드려요.,주문결제
TR00999,안녕하세요. 결제는 됐는데 재고가 없다고 다시 연락이 왔어요. 어떻게 되나요? 감사합니다.,주문결제
TR01000,수고 많으세요. 배송지를 잘못 적었는데 출고 전이면 주소 바꿀 수 있나요?,배송문의
TR01001,탈퇴했다가 다시 가입하면 예전 등급이 유지되나요? 확인 부탁드립니다.,회원멤버십
TR01002,수고 많으세요. 기프트카드 잔액으로 일부 결제하고 나머지는 카드로 할 수 있나요? 확인 부탁드립니다.,주문결제
TR01003,안녕하세요. 결제 취소하고 싶은데 어디서 하면 되나요? 빠른 답변 부탁드려요.,취소
TR01004,주문 두 건인데 같이 묶어서 한 번에 보내주실 수 있어요? 확인 부탁드립니다.,배송문의
TR01005,문의드립니다. 키 170인데 이 바지 기장이 어느 정도 올까요? 확인 부탁드립니다.,상품정보
TR01006,지금 출고됐나요? 빠른배송으로 받아볼 수 있는지 궁금해요.,배송문의
TR01007,안녕하세요. 앱에서 다크모드는 어떻게 설정하나요? 감사합니다.,기타
TR01008,다음 입고 물량은 언제쯤 풀리는지 대략이라도 알 수 있을까요? 감사합니다.,재입고
TR01009,안녕하세요. 등급은 언제 갱신되나요? 매달 초인가요? 빠른 답변 부탁드려요.,회원멤버십
TR01010,문의드립니다. 주문 넣은 거 취소할게요. 다른 상품으로 새로 주문하려고요.,취소
TR01011,수고 많으세요. 배송완료라고 뜨는데 문 앞에 물건이 없어요. 분실된 것 같아요. 확인 부탁드립니다.,배송문의
TR01012,"같은 가격대 다른 모델로도 교환이 되나요, 아니면 동일상품만 되나요? 확인 부탁드립니다.",교환
TR01013,수고 많으세요. 주문번호로 실시간 배송 위치 확인할 수 있는 링크 있을까요? 감사합니다.,배송문의
TR01014,안녕하세요. 협업이나 입점 문의는 어디로 연락드리면 되나요? 감사합니다.,기타
TR01015,인덕션 겸용 코팅 프라이팬 28cm 언제 받을 수 있어요? 주말 전에 꼭 필요해서요.,배송문의
TR01016,부분 반품했는데 그만큼만 환불되는 게 맞나요? 금액이 이상해요. 확인 부탁드립니다.,환불
TR01017,안녕하세요. 결제하다가 오류 나서 두 번 눌렀는데 두 번 결제된 것 같아요.,주문결제
TR01018,적립금하고 쿠폰을 같은 주문에 둘 다 쓸 수 있나요? 빠른 답변 부탁드려요.,회원멤버십
TR01019,수고 많으세요. 프린트가 비뚤게 인쇄돼서 멀쩡한 걸로 교환해 주세요.,교환
TR01020,수고 많으세요. 로그인하면 자꾸 다른 사람 정보가 떠요. 계정이 섞인 것 같아요.,회원멤버십
TR01021,문의드립니다. 취소 처리는 됐다는데 결제 금액 환불은 언제 들어오나요? 감사합니다.,환불
TR01022,이 모델 무게가 얼마나 나가나요? 들고 다니기 무겁지 않을까요?,상품정보
TR01023,문의드립니다. 선물할 거라 더 큰 사이즈로 교환하고 싶은데 가능할까요?,교환
TR01024,안녕하세요. 택배사 어디로 오나요? 부재중이라 경비실에 맡겨주실 수 있나요?,배송문의
TR01025,안녕하세요. 받은 지 일주일 됐는데 아직 반품 신청 기간 안 지났죠?,반품
TR01026,수고 많으세요. 받는 사람 이름을 다르게 적었는데 그대로 배송되나요? 확인 부탁드립니다.,배송문의
TR01027,안녕하세요. 상품이 마음에 안 들 것 같아서 받기 전에 미리 취소할게요. 확인 부탁드립니다.,취소
TR01028,안녕하세요. 끈 길이 조절이 되나요? 키 작은 아이가 메도 괜찮을까요? 감사합니다.,상품정보
TR01029,문의드립니다. 기부 캠페인 참여하려면 어떻게 하면 되나요? 빠른 답변 부탁드려요.,기타
TR01030,수고 많으세요. 두 번에 나눠서 받기로 했는데 나머지 상품은 언제 출발해요? 빠른 답변 부탁드려요.,배송문의
TR01031,문의드립니다. 결제는 됐는데 재고가 없다고 다시 연락이 왔어요. 어떻게 되나요? 감사합니다.,주문결제
TR01032,수고 많으세요. 취소 처리는 됐다는데 결제 금액 환불은 언제 들어오나요? 확인 부탁드립니다.,환불
TR01033,수고 많으세요. 기업 단체복으로 단체 주문하려는데 담당자 연락처 있나요? 확인 부탁드립니다.,기타
TR01034,안녕하세요. 결제할 때 입력한 배송메모가 사라졌는데 다시 등록되나요? 확인 부탁드립니다.,주문결제
TR01035,엘리베이터 공사 중이라 1층에 두고 가시라고 메모 남길 수 있나요? 빠른 답변 부탁드려요.,배송문의
TR01036,문의드립니다. 이 모델 무게가 얼마나 나가나요? 들고 다니기 무겁지 않을까요?,상품정보
TR01037,문의드립니다. 반품 접수만 하면 알아서 회수 기사님이 오시는 거죠?,반품
TR01038,수고 많으세요. 색상이 모니터마다 다르게 보이던데 실제 톤이 어떤가요?,상품정보
TR01039,문의드립니다. 상품이 마음에 안 들 것 같아서 받기 전에 미리 취소할게요.,취소
TR01040,쿠폰 잘못 써서 취소하고 다시 제대로 적용해서 주문할게요. 감사합니다.,취소
TR01041,해외 배송도 되나요? 외국에 있는 가족에게 보내려고요. 확인 부탁드립니다.,기타
TR01042,기부 캠페인 참여하려면 어떻게 하면 되나요? 빠른 답변 부탁드려요.,기타
TR01043,문의드립니다. 세금계산서 발행도 가능한가요? 사업자로 구매하려고요. 감사합니다.,기타
TR01044,문의드립니다. 친구 추천 코드는 어디에 입력하고 혜택은 뭔가요? 확인 부탁드립니다.,회원멤버십
TR01045,안녕하세요. 회원 등급별 혜택을 한눈에 볼 수 있는 페이지가 있나요? 빠른 답변 부탁드려요.,회원멤버십
TR01046,안녕하세요. 현금영수증 발급된 건인데 환불하면 그것도 취소되나요? 감사합니다.,환불
TR01047,안녕하세요. 배송지를 잘못 적었는데 출고 전이면 주소 바꿀 수 있나요?,배송문의
TR01048,불량이라 같은 걸로 교환 원해요. 교환 배송비는 안 드는 거죠?,교환
TR01049,안녕하세요. 사이즈가 안 맞아서 한 치수 큰 걸로 교환하고 싶어요. 확인 부탁드립니다.,교환
TR01050,수고 많으세요. 주문 직후인데 결제 취소 처리하면 카드 승인도 같이 취소되나요? 확인 부탁드립니다.,취소
TR01051,안녕하세요. 배송지가 잘못돼서 그냥 취소하고 새로 주문하는 게 빠를까요? 감사합니다.,취소
TR01052,문의드립니다. 협업이나 입점 문의는 어디로 연락드리면 되나요? 감사합니다.,기타
TR01053,안녕하세요. 주말에도 배송되나요? 토요일에 받아야 해서요. 확인 부탁드립니다.,배송문의
TR01054,문의드립니다. 극세사 발매트 2P 사이즈만 바꾸고 싶어요. 교환 신청할게요.,교환
TR01055,수고 많으세요. 택배사 어디로 오나요? 부재중이라 경비실에 맡겨주실 수 있나요? 확인 부탁드립니다.,배송문의
TR01056,식기세척기에 넣고 돌려도 괜찮은 재질인가요?,상품정보
TR01057,수고 많으세요. 재입고되면 가격이 오르나요? 지금이랑 같은 가격일까요? 감사합니다.,재입고
TR01058,한 번에 다 품절돼서 그러는데 보통 얼마 만에 다시 채워지나요?,재입고
TR01059,안녕하세요. 한 번 신어봤는데 사이즈가 영 아니라 반품하려고요. 빠른 답변 부탁드려요.,반품
TR01060,수고 많으세요. 휴대폰 소액결제 한도가 초과됐다는데 다른 방법은 없나요?,주문결제
TR01061,문의드립니다. 휴면계정으로 전환됐다는데 다시 활성화하려면 어떻게 하나요? 감사합니다.,회원멤버십
TR01062,안녕하세요. 현금영수증 신청을 깜빡했는데 사후 발급 가능한가요? 확인 부탁드립니다.,주문결제
TR01063,배송 출발하면 문자로 알림 받을 수 있나요?,배송문의
TR01064,문의드립니다. 쿠폰 할인받고 샀는데 환불 금액에 그게 어떻게 반영되나요? 확인 부탁드립니다.,환불
TR01065,지금 취소 누르면 적립금이랑 쿠폰은 다시 복구되나요? 빠른 답변 부탁드려요.,취소
TR01066,수고 많으세요. 사이즈를 잘못 골라서 일단 취소하고 다시 주문할게요.,취소
TR01067,수고 많으세요. 이 신발 발볼 넓은 편인가요? 평소 발볼 넓은데요. 확인 부탁드립니다.,상품정보
TR01068,기업 단체복으로 단체 주문하려는데 담당자 연락처 있나요? 확인 부탁드립니다.,기타
TR01069,문의드립니다. 박음질이 터져 있어서 같은 상품으로 교환 요청합니다. 빠른 답변 부탁드려요.,교환
TR01070,해외 배송도 되나요? 외국에 있는 가족에게 보내려고요. 빠른 답변 부탁드려요.,기타
TR01071,수고 많으세요. 카드 승인은 났는데 주문이 실패라고 떠요. 중복결제 된 건 아니죠?,주문결제
TR01072,안녕하세요. 재입고 알림 여러 상품 걸어놨는데 한꺼번에 관리할 수 있나요? 감사합니다.,재입고
TR01073,이 색상만 계속 품절인데 다시 들어올 예정 있나요? 감사합니다.,재입고
TR01074,안녕하세요. 비밀번호가 기억이 안 나서 로그인을 못 하겠어요. 감사합니다.,회원멤버십
TR01075,안녕하세요. 결제일이랑 환불일이 다른 달인데 카드값에 어떻게 반영돼요? 감사합니다.,환불
TR01076,안녕하세요. 사이즈가 안 맞아서 한 치수 큰 걸로 교환하고 싶어요. 감사합니다.,교환
TR01077,문의드립니다. 회원 탈퇴하면 적립금은 어떻게 되나요?,회원멤버십
TR01078,문의드립니다. 인덕션에서도 사용 가능한가요? 가스레인지 전용인가요? 빠른 답변 부탁드려요.,상품정보
TR01079,문의드립니다. 프린트가 비뚤게 인쇄돼서 멀쩡한 걸로 교환해 주세요. 빠른 답변 부탁드려요.,교환
TR01080,환불 처리 상태를 어디서 확인할 수 있나요?,환불
TR01081,수고 많으세요. 본인인증이 자꾸 실패하는데 다른 방법으로 인증할 수 있나요?,회원멤버십
TR01082,수고 많으세요. 생일 쿠폰 발급된다고 했는데 아직 안 들어왔어요. 빠른 답변 부탁드려요.,회원멤버십
TR01083,안녕하세요. 받은 색상이 칙칙해서 사진 속 색상 옵션으로 바꾸고 싶어요. 감사합니다.,교환
TR01084,문의드립니다. 선물할 거라 더 큰 사이즈로 교환하고 싶은데 가능할까요? 확인 부탁드립니다.,교환
TR01085,문의드립니다. 방금 주문했는데 아직 발송 전이면 전체 취소하고 싶어요. 확인 부탁드립니다.,취소
TR01086,수고 많으세요. 협업이나 입점 문의는 어디로 연락드리면 되나요? 빠른 답변 부탁드려요.,기타
TR01087,등급은 언제 갱신되나요? 매달 초인가요? 빠른 답변 부탁드려요.,회원멤버십
TR01088,문의드립니다. 두 개 샀는데 그중 하나만 반품하고 싶어요. 부분 반품 되나요?,반품
TR01089,이 모델 무게가 얼마나 나가나요? 들고 다니기 무겁지 않을까요? 빠른 답변 부탁드려요.,상품정보
TR01090,수고 많으세요. 배송 중에 파손돼서 왔어요. 동일 상품으로 교환해 주세요.,교환
TR01091,"취소한 주문 환불이 자동으로 되는 건가요, 따로 신청해야 하나요?",환불
TR01092,문의드립니다. 인덕션에서도 사용 가능한가요? 가스레인지 전용인가요?,상품정보
TR01093,안녕하세요. 사진이랑 실물 품질 차이가 너무 커서 반품 신청합니다. 감사합니다.,반품
TR01094,안녕하세요. 할부로 결제하고 싶은데 몇 개월까지 무이자 되나요? 빠른 답변 부탁드려요.,주문결제
TR01095,문의드립니다. 이 운동화 쿠션감이 좋은 편인가요? 오래 걸어도 편한지요. 감사합니다.,상품정보
TR01096,안녕하세요. 두께가 어느 정도예요? 겨울에 입어도 따뜻할까요? 빠른 답변 부탁드려요.,상품정보
TR01097,문의드립니다. 이사 가서 주소가 바뀌었는데 출고 전에 변경 부탁드려요.,배송문의
TR01098,문의드립니다. 기프트카드 잔액으로 일부 결제하고 나머지는 카드로 할 수 있나요?,주문결제
TR01099,문의드립니다. 받은 지 일주일 됐는데 아직 반품 신청 기간 안 지났죠? 빠른 답변 부탁드려요.,반품
TR01100,문의드립니다. 이번 달에 등급이 올랐는데 추가 할인 혜택은 어떻게 적용돼요? 확인 부탁드립니다.,회원멤버십
TR01101,결제하다가 오류 나서 두 번 눌렀는데 두 번 결제된 것 같아요. 감사합니다.,주문결제
TR01102,안녕하세요. 예전에 팔던 모델인데 재입고 가능성이 있을까요?,재입고
TR01103,수고 많으세요. 다른 색으로 바꾸고 싶은데 그 색이 더 비싸면 차액만 내면 되나요?,교환
TR01104,받자마자 깨져 있어서 반품하려고 하는데 사진 보내드릴까요? 확인 부탁드립니다.,반품
TR01105,안녕하세요. 회원정보에 주소를 여러 개 저장해둘 수 있나요? 감사합니다.,회원멤버십
TR01106,수고 많으세요. 품절 임박이라고 떠 있는데 추가 입고 예정 있나요? 감사합니다.,재입고
TR01107,안녕하세요. 다음 입고 물량은 언제쯤 풀리는지 대략이라도 알 수 있을까요?,재입고
TR01108,수고 많으세요. 유통기한이 임박한 게 와서 반품하고 싶은데 가능할까요? 빠른 답변 부탁드려요.,반품
TR01109,안녕하세요. 부분 반품했는데 그만큼만 환불되는 게 맞나요? 금액이 이상해요.,환불
TR01110,주문 직후인데 결제 취소 처리하면 카드 승인도 같이 취소되나요? 감사합니다.,취소
TR01111,안녕하세요. 인기 상품이라 그런지 늘 없네요. 재입고 주기가 어떻게 되나요? 확인 부탁드립니다.,재입고
TR01112,니트 롱 원피스 언제 받을 수 있어요? 주말 전에 꼭 필요해서요. 확인 부탁드립니다.,배송문의
TR01113,문의드립니다. 받자마자 깨져 있어서 반품하려고 하는데 사진 보내드릴까요?,반품
TR01114,안녕하세요. 택배 박스가 찌그러져서 왔는데 안에 내용물은 괜찮을지 걱정돼요.,배송문의
TR01115,통3중 스테인리스 냄비 세트 품절이던데 재입고 계획 있는지 궁금해요.,재입고
TR01116,방수 되는 제품인가요? 야외에서 써도 괜찮을까요? 빠른 답변 부탁드려요.,상품정보
TR01117,문의드립니다. 엘리베이터 공사 중이라 1층에 두고 가시라고 메모 남길 수 있나요? 빠른 답변 부탁드려요.,배송문의
TR01118,안녕하세요. 선물받은 상품인데 영수증 없이도 반품할 수 있나요? 감사합니다.,반품
TR01119,안녕하세요. 반품 접수만 하면 알아서 회수 기사님이 오시는 거죠?,반품
TR01120,안녕하세요. 이사 가서 주소가 바뀌었는데 출고 전에 변경 부탁드려요. 감사합니다.,배송문의
TR01121,수고 많으세요. 도서산간 지역인데 추가 배송일이 얼마나 더 걸리나요? 빠른 답변 부탁드려요.,배송문의
TR01122,무통장입금 했는데 입금확인이 아직도 안 됐다고 나와요. 감사합니다.,주문결제
TR01123,문의드립니다. 어제 결제했는데 아직 배송 시작도 안 했어요. 송장번호 언제 나오나요? 확인 부탁드립니다.,배송문의
TR01124,문의드립니다. 결제 금액이 장바구니 합계랑 다르게 청구됐어요. 확인 부탁해요. 감사합니다.,주문결제
TR01125,수고 많으세요. 단순 변심 반품인데 반품 배송비가 얼마나 차감되나요? 빠른 답변 부탁드려요.,반품
TR01126,환불 영수증이나 증빙을 받을 수 있을까요? 회사 제출용이에요. 감사합니다.,환불
TR01127,회원 탈퇴하면 적립금은 어떻게 되나요?,회원멤버십
TR01128,이 색상만 계속 품절인데 다시 들어올 예정 있나요? 빠른 답변 부탁드려요.,재입고
TR01129,수고 많으세요. 엘리베이터 공사 중이라 1층에 두고 가시라고 메모 남길 수 있나요? 확인 부탁드립니다.,배송문의
TR01130,구성품 중 하나가 빠져서 왔는데 이 경우도 반품되나요? 감사합니다.,반품
TR01131,단순 변심인데 반품 가능한가요? 배송비는 제가 부담하는 거죠? 빠른 답변 부탁드려요.,반품
TR01132,수고 많으세요. 방금 주문했는데 아직 발송 전이면 전체 취소하고 싶어요.,취소
TR01133,수고 많으세요. 배송지를 잘못 적었는데 출고 전이면 주소 바꿀 수 있나요? 확인 부탁드립니다.,배송문의
TR01134,쿠폰 할인받고 샀는데 환불 금액에 그게 어떻게 반영되나요?,환불
TR01135,수고 많으세요. 건조기에 돌려도 줄어들지 않나요? 확인 부탁드립니다.,상품정보
TR01136,문의드립니다. 결제 수단을 카드에서 계좌이체로 바꾸고 싶은데 가능한가요? 빠른 답변 부탁드려요.,주문결제
TR01137,S로 받았는데 M으로 교환 가능할까요? 추가 비용 있나요? 감사합니다.,교환
TR01138,"수고 많으세요. 재입고되면 따로 연락 주시나요, 아니면 알림이 오나요? 확인 부탁드립니다.",재입고
TR01139,안녕하세요. 구매한 상품으로 콘텐츠 만들어도 저작권 문제 없나요? 빠른 답변 부탁드려요.,기타
TR01140,이 제품 KC 인증 받은 정품 맞나요? 확인 부탁드립니다.,상품정보
TR01141,수고 많으세요. 아이디가 기억이 안 나는데 찾을 수 있을까요?,회원멤버십
TR01142,안녕하세요. 회사 단체주문인데 한 건 잘못 들어가서 그 건만 취소 부탁드려요.,취소
TR01143,배송완료라고 뜨는데 문 앞에 물건이 없어요. 분실된 것 같아요. 감사합니다.,배송문의
TR01144,주문할 때 부재중이라 편의점 픽업으로 바꿀 수 있나요? 빠른 답변 부탁드려요.,배송문의
TR01145,예약구매로 결제했는데 언제 실제로 청구되나요? 확인 부탁드립니다.,주문결제
TR01146,문의드립니다. 탈퇴했다가 다시 가입하면 예전 등급이 유지되나요? 감사합니다.,회원멤버십
TR01147,수고 많으세요. S로 받았는데 M으로 교환 가능할까요? 추가 비용 있나요? 빠른 답변 부탁드려요.,교환
TR01148,장바구니에 잘못 담긴 게 결제돼서 바로 취소하려고요. 빠른 답변 부탁드려요.,취소
TR01149,수고 많으세요. 회사 단체주문인데 한 건 잘못 들어가서 그 건만 취소 부탁드려요.,취소
TR01150,두께가 어느 정도예요? 겨울에 입어도 따뜻할까요? 확인 부탁드립니다.,상품정보
TR01151,쿠폰함에 있던 쿠폰이 사라졌는데 만료된 건가요? 감사합니다.,회원멤버십
TR01152,"안녕하세요. 반품하려는데 회수 기사님이 직접 오시는 건가요, 제가 보내야 하나요? 빠른 답변 부탁드려요.",반품
TR01153,주문한 것과 다른 상품이 와서 반품 신청하고 싶어요.,반품
TR01154,안녕하세요. 재입고됐다고 알림 받고 들어왔는데 벌써 또 품절이네요. 감사합니다.,재입고
TR01155,안녕하세요. 이 신발 발볼 넓은 편인가요? 평소 발볼 넓은데요.,상품정보
TR01156,문의드립니다. 앱에서 다크모드는 어떻게 설정하나요? 빠른 답변 부탁드려요.,기타
TR01157,문의드립니다. 주문한 상품 중에 하나만 빼고 나머지는 취소하고 싶어요. 감사합니다.,취소
TR01158,수고 많으세요. 배송이 너무 오래 걸려서 그냥 주문 자체를 취소하고 싶어요. 확인 부탁드립니다.,취소
TR01159,현금영수증 발급된 건인데 환불하면 그것도 취소되나요? 빠른 답변 부탁드려요.,환불
TR01160,프린트가 비뚤게 인쇄돼서 멀쩡한 걸로 교환해 주세요. 빠른 답변 부탁드려요.,교환
TR01161,안녕하세요. 방수 되는 제품인가요? 야외에서 써도 괜찮을까요?,상품정보
TR01162,안녕하세요. 환불 계좌를 바꾸고 싶은데 어떻게 하나요?,환불
TR01163,수고 많으세요. 오프라인 매장도 있나요? 직접 보고 사고 싶어서요. 감사합니다.,기타
TR01164,문의드립니다. 품절 임박이라고 떠 있는데 추가 입고 예정 있나요?,재입고
TR01165,"취소한 주문 환불이 자동으로 되는 건가요, 따로 신청해야 하나요? 확인 부탁드립니다.",환불
TR01166,법인카드로 결제하면 지출증빙용 영수증도 따로 받을 수 있나요?,주문결제
TR01167,문의드립니다. 받은 색상이 칙칙해서 사진 속 색상 옵션으로 바꾸고 싶어요. 빠른 답변 부탁드려요.,교환
TR01168,문의드립니다. 적립금으로 결제한 부분은 환불도 적립금으로 돌아오나요? 빠른 답변 부탁드려요.,환불
TR01169,안녕하세요. 선물받은 상품인데 영수증 없이도 반품할 수 있나요? 확인 부탁드립니다.,반품
TR01170,문의드립니다. 불량이라 같은 걸로 교환 원해요. 교환 배송비는 안 드는 거죠? 확인 부탁드립니다.,교환
TR01171,주문번호로 실시간 배송 위치 확인할 수 있는 링크 있을까요?,배송문의
TR01172,결제하다가 오류 나서 두 번 눌렀는데 두 번 결제된 것 같아요. 확인 부탁드립니다.,주문결제
TR01173,문의드립니다. 기업 단체복으로 단체 주문하려는데 담당자 연락처 있나요? 감사합니다.,기타
TR01174,안녕하세요. 간편결제로 했는데 승인 문자만 오고 주문은 안 들어갔어요. 확인 부탁드립니다.,주문결제
TR01175,안녕하세요. 주문 두 건인데 같이 묶어서 한 번에 보내주실 수 있어요?,배송문의
TR01176,수고 많으세요. 작동이 안 되는 불량이라 반품하려는데 어떤 증빙이 필요한가요? 확인 부탁드립니다.,반품
TR01177,두 개 샀는데 그중 하나만 반품하고 싶어요. 부분 반품 되나요? 빠른 답변 부탁드려요.,반품
TR01178,수고 많으세요. 해외 배송도 되나요? 외국에 있는 가족에게 보내려고요.,기타
TR01179,문의드립니다. 예전에 팔던 모델인데 재입고 가능성이 있을까요? 감사합니다.,재입고
TR01180,수고 많으세요. 버튼이 하나 빠져 있어서 새것으로 교환 요청드려요. 확인 부탁드립니다.,교환
TR01181,수고 많으세요. 필터는 어디서 따로 구매하나요? 교체 주기는 얼마예요? 빠른 답변 부탁드려요.,상품정보
TR01182,안녕하세요. 아이디가 기억이 안 나는데 찾을 수 있을까요?,회원멤버십
TR01183,수고 많으세요. 택배 박스가 찌그러져서 왔는데 안에 내용물은 괜찮을지 걱정돼요. 빠른 답변 부탁드려요.,배송문의
TR01184,문의드립니다. 예약 주문한 건데 출시 전에 취소도 가능한가요?,취소
TR01185,사이즈별 실측 정보가 어디에 나와 있나요? 빠른 답변 부탁드려요.,상품정보
TR01186,문의드립니다. 주문 직후인데 결제 취소 처리하면 카드 승인도 같이 취소되나요? 확인 부탁드립니다.,취소
TR01187,발송 준비중이라고 떠도 지금 바로 취소 막아주실 수 있나요? 빠른 답변 부탁드려요.,취소
TR01188,앱에서 다크모드는 어떻게 설정하나요? 빠른 답변 부탁드려요.,기타
TR01189,상품 관련 제휴 제안을 드리고 싶은데 메일 주소 알 수 있을까요?,기타
TR01190,첫 구매 할인 코드를 넣었는데 적용이 안 되네요. 만료된 건가요? 감사합니다.,주문결제
TR01191,장바구니에서 결제하려는데 자꾸 오류 페이지로 넘어가요. 감사합니다.,주문결제
TR01192,안녕하세요. 본인인증이 자꾸 실패하는데 다른 방법으로 인증할 수 있나요?,회원멤버십
TR01193,수고 많으세요. 작동이 안 되는 불량이라 반품하려는데 어떤 증빙이 필요한가요? 감사합니다.,반품
TR01194,안녕하세요. 이사 가서 주소가 바뀌었는데 출고 전에 변경 부탁드려요.,배송문의
TR01195,수고 많으세요. 지금 취소 누르면 적립금이랑 쿠폰은 다시 복구되나요? 빠른 답변 부탁드려요.,취소
TR01196,문의드립니다. 배송 출발하면 문자로 알림 받을 수 있나요?,배송문의
TR01197,수고 많으세요. 택은 안 뗐고 한 번도 안 입었어요. 반품 접수해 주세요. 빠른 답변 부탁드려요.,반품
TR01198,안녕하세요. 해외 배송도 되나요? 외국에 있는 가족에게 보내려고요. 확인 부탁드립니다.,기타
TR01199,수고 많으세요. 상품 관련 제휴 제안을 드리고 싶은데 메일 주소 알 수 있을까요?,기타
TR01200,수고 많으세요. 예전에 팔던 모델인데 재입고 가능성이 있을까요?,재입고
TR01201,문의드립니다. 결제 금액이 장바구니 합계랑 다르게 청구됐어요. 확인 부탁해요.,주문결제
TR01202,문의드립니다. 사이즈를 잘못 골라서 일단 취소하고 다시 주문할게요. 빠른 답변 부탁드려요.,취소
TR01203,안녕하세요. 교환 신청하면 회수랑 재배송이 동시에 진행되나요? 감사합니다.,교환
TR01204,두 번에 나눠서 받기로 했는데 나머지 상품은 언제 출발해요?,배송문의
TR01205,문의드립니다. 법인카드로 결제하면 지출증빙용 영수증도 따로 받을 수 있나요? 확인 부탁드립니다.,주문결제
TR01206,문의드립니다. 발송 준비중이라고 떠도 지금 바로 취소 막아주실 수 있나요?,취소
TR01207,결제 취소하고 싶은데 어디서 하면 되나요?,취소
TR01208,지금 취소 누르면 적립금이랑 쿠폰은 다시 복구되나요? 확인 부탁드립니다.,취소
TR01209,문의드립니다. 카드사 사정으로 환불이 늦어진다는데 보통 며칠 더 걸리나요? 빠른 답변 부탁드려요.,환불
TR01210,회사 단체주문인데 한 건 잘못 들어가서 그 건만 취소 부탁드려요. 빠른 답변 부탁드려요.,취소
TR01211,어제 결제했는데 아직 배송 시작도 안 했어요. 송장번호 언제 나오나요? 확인 부탁드립니다.,배송문의
TR01212,도서산간 지역인데 추가 배송일이 얼마나 더 걸리나요?,배송문의
TR01213,수고 많으세요. 부분 반품했는데 그만큼만 환불되는 게 맞나요? 금액이 이상해요. 빠른 답변 부탁드려요.,환불
TR01214,첫 구매 할인 코드를 넣었는데 적용이 안 되네요. 만료된 건가요?,주문결제
TR01215,지금 출고됐나요? 빠른배송으로 받아볼 수 있는지 궁금해요. 감사합니다.,배송문의
TR01216,안녕하세요. 재입고됐다고 알림 받고 들어왔는데 벌써 또 품절이네요.,재입고
TR01217,기프트카드로 산 건데 환불도 기프트카드로만 되나요? 감사합니다.,환불
TR01218,안녕하세요. 이메일 수신 동의를 바꾸고 싶은데 어디서 설정하나요?,회원멤버십
TR01219,"재입고 알림은 앱 푸시로 오나요, 문자로 오나요? 감사합니다.",재입고
TR01220,수고 많으세요. 법인카드로 결제하면 지출증빙용 영수증도 따로 받을 수 있나요?,주문결제
TR01221,공동현관 비밀번호를 배송메모에 적었는데 기사님께 전달되나요?,배송문의
TR01222,안녕하세요. 한 번 신어봤는데 사이즈가 영 아니라 반품하려고요. 감사합니다.,반품
TR01223,수고 많으세요. 기업 단체복으로 단체 주문하려는데 담당자 연락처 있나요? 감사합니다.,기타
TR01224,안녕하세요. 회원 등급별 혜택을 한눈에 볼 수 있는 페이지가 있나요?,회원멤버십
TR01225,안녕하세요. 앱에서 다크모드는 어떻게 설정하나요?,기타
TR01226,할인 적용 전 금액으로 결제됐어요. 차액 어떻게 되나요? 확인 부탁드립니다.,주문결제
TR01227,수고 많으세요. 회원정보에 주소를 여러 개 저장해둘 수 있나요? 감사합니다.,회원멤버십
TR01228,문의드립니다. 주문번호로 실시간 배송 위치 확인할 수 있는 링크 있을까요?,배송문의
TR01229,문의드립니다. 환불은 됐다는데 부분 금액만 들어와서 나머지가 궁금해요. 빠른 답변 부탁드려요.,환불
TR01230,문의드립니다. 할부로 결제하고 싶은데 몇 개월까지 무이자 되나요? 빠른 답변 부탁드려요.,주문결제
TR01231,수고 많으세요. 알러지가 있는데 소재에 라텍스나 금속 성분 들어가나요? 감사합니다.,상품정보
TR01232,수고 많으세요. 반품 말고 그냥 맞는 사이즈로 바꾸기만 하고 싶어요. 빠른 답변 부탁드려요.,교환
TR01233,도서산간 지역인데 추가 배송일이 얼마나 더 걸리나요? 확인 부탁드립니다.,배송문의
TR01234,엘리베이터 공사 중이라 1층에 두고 가시라고 메모 남길 수 있나요?,배송문의
TR01235,안녕하세요. 색상이 화면이랑 너무 달라서 반품할게요.,반품
TR01236,문의드립니다. 보증 기간이 얼마이고 AS는 어디서 받나요? 감사합니다.,상품정보
TR01237,이 모델 무게가 얼마나 나가나요? 들고 다니기 무겁지 않을까요? 확인 부탁드립니다.,상품정보
TR01238,"재입고되면 따로 연락 주시나요, 아니면 알림이 오나요? 확인 부탁드립니다.",재입고
TR01239,수고 많으세요. 적립금으로 결제한 부분은 환불도 적립금으로 돌아오나요? 확인 부탁드립니다.,환불
TR01240,수고 많으세요. 프린트가 비뚤게 인쇄돼서 멀쩡한 걸로 교환해 주세요. 감사합니다.,교환
TR01241,회원 등급별 혜택을 한눈에 볼 수 있는 페이지가 있나요? 확인 부탁드립니다.,회원멤버십
TR01242,안녕하세요. 생일 쿠폰 발급된다고 했는데 아직 안 들어왔어요. 감사합니다.,회원멤버십
TR01243,회원 탈퇴하면 적립금은 어떻게 되나요? 확인 부탁드립니다.,회원멤버십
TR01244,수고 많으세요. 배송 시작 전에 취소 부탁드려요. 급하게 처리해 주세요. 감사합니다.,취소
TR01245,문의드립니다. 방송에 나온 그 상품 어디서 찾는지 검색이 안 돼요.,기타
TR01246,안녕하세요. 두 개 샀는데 그중 하나만 반품하고 싶어요. 부분 반품 되나요? 확인 부탁드립니다.,반품
TR01247,수고 많으세요. 결제일이랑 환불일이 다른 달인데 카드값에 어떻게 반영돼요? 감사합니다.,환불
TR01248,문의드립니다. 키 170인데 이 바지 기장이 어느 정도 올까요?,상품정보
TR01249,안녕하세요. 현관 앞 말고 택배함에 넣어달라고 요청할 수 있나요? 확인 부탁드립니다.,배송문의
TR01250,안녕하세요. 냄새가 너무 심해서 못 쓰겠어요. 반품 처리해 주세요.,반품
TR01251,수고 많으세요. 발송 준비중이라고 떠도 지금 바로 취소 막아주실 수 있나요? 감사합니다.,취소
TR01252,수고 많으세요. 생일 쿠폰 발급된다고 했는데 아직 안 들어왔어요.,회원멤버십
TR01253,문의드립니다. 방금 주문했는데 아직 발송 전이면 전체 취소하고 싶어요. 빠른 답변 부탁드려요.,취소
TR01254,수고 많으세요. 환불 영수증이나 증빙을 받을 수 있을까요? 회사 제출용이에요. 감사합니다.,환불
TR01255,문의드립니다. 결제 취소 요청한 금액이 일부만 환불됐어요. 나머지는요? 감사합니다.,환불
TR01256,안녕하세요. 무통장입금 가상계좌 입금기한이 지났는데 재발급 가능해요? 확인 부탁드립니다.,주문결제
TR01257,문의드립니다. 상품 관련 제휴 제안을 드리고 싶은데 메일 주소 알 수 있을까요?,기타
TR01258,안녕하세요. 세트 구성이 어떻게 되나요? 사진에 나온 거 다 포함인가요? 빠른 답변 부탁드려요.,상품정보
TR01259,문의드립니다. 가지고 있는 쿠폰이 결제창에서 적용이 안 돼요. 왜 그럴까요?,주문결제
TR01260,수고 많으세요. 다른 색으로 바꾸고 싶은데 그 색이 더 비싸면 차액만 내면 되나요? 확인 부탁드립니다.,교환
TR01261,수고 많으세요. 예약구매로 결제했는데 언제 실제로 청구되나요? 확인 부탁드립니다.,주문결제
TR01262,"재입고되면 따로 연락 주시나요, 아니면 알림이 오나요? 감사합니다.",재입고
TR01263,안녕하세요. 가지고 있는 쿠폰이 결제창에서 적용이 안 돼요. 왜 그럴까요? 감사합니다.,주문결제
TR01264,출고 전이라고 안내받았는데 취소 접수 좀 서둘러 주세요. 감사합니다.,취소
TR01265,안녕하세요. 박음질이 터져 있어서 같은 상품으로 교환 요청합니다. 확인 부탁드립니다.,교환
TR01266,기프트카드 잔액으로 일부 결제하고 나머지는 카드로 할 수 있나요? 확인 부탁드립니다.,주문결제
TR01267,수고 많으세요. 사이즈 하나만 품절인데 그것만 재입고 되나요? 빠른 답변 부탁드려요.,재입고
TR01268,수고 많으세요. 방수 되는 제품인가요? 야외에서 써도 괜찮을까요? 감사합니다.,상품정보
TR01269,재입고됐다고 알림 받고 들어왔는데 벌써 또 품절이네요. 확인 부탁드립니다.,재입고
TR01270,수고 많으세요. 가지고 있는 쿠폰이 결제창에서 적용이 안 돼요. 왜 그럴까요? 확인 부탁드립니다.,주문결제
TR01271,수고 많으세요. 예약 주문한 건데 출시 전에 취소도 가능한가요? 감사합니다.,취소
TR01272,문의드립니다. 이 운동화 쿠션감이 좋은 편인가요? 오래 걸어도 편한지요. 빠른 답변 부탁드려요.,상품정보
TR01273,문의드립니다. 옵션을 잘못 선택해서 다른 사이즈로 바꿔주실 수 있나요? 확인 부탁드립니다.,교환
TR01274,수고 많으세요. 탈퇴했다가 다시 가입하면 예전 등급이 유지되나요?,회원멤버십
TR01275,문의드립니다. 광고 문자 수신 거부하고 싶은데 어떻게 하나요? 확인 부탁드립니다.,기타
TR01276,안녕하세요. 예약구매로 결제했는데 언제 실제로 청구되나요? 빠른 답변 부탁드려요.,주문결제
TR01277,수고 많으세요. 버튼이 하나 빠져 있어서 새것으로 교환 요청드려요.,교환
TR01278,회사로 배송지 바꾸고 싶은데 이미 상품 준비중이면 안 되나요? 확인 부탁드립니다.,배송문의
TR01279,결제만 하고 아직 아무 진행 없으면 위약금 없이 취소되죠? 빠른 답변 부탁드려요.,취소
TR01280,안녕하세요. 프린트가 비뚤게 인쇄돼서 멀쩡한 걸로 교환해 주세요. 빠른 답변 부탁드려요.,교환
TR01281,안녕하세요. 오늘 도착 예정이라고 떴는데 아직도 안 왔어요. 몇 시쯤 와요?,배송문의
TR01282,문의드립니다. 오늘 도착 예정이라고 떴는데 아직도 안 왔어요. 몇 시쯤 와요? 빠른 답변 부탁드려요.,배송문의
TR01283,수고 많으세요. 주문 두 건인데 같이 묶어서 한 번에 보내주실 수 있어요? 감사합니다.,배송문의
TR01284,안녕하세요. 재입고 알림 여러 상품 걸어놨는데 한꺼번에 관리할 수 있나요?,재입고
TR01285,"수고 많으세요. 세탁기로 돌려도 되나요, 손세탁만 해야 하나요? 확인 부탁드립니다.",상품정보
TR01286,문의드립니다. S로 받았는데 M으로 교환 가능할까요? 추가 비용 있나요? 확인 부탁드립니다.,교환
TR01287,수고 많으세요. 회원정보에 주소를 여러 개 저장해둘 수 있나요? 빠른 답변 부탁드려요.,회원멤버십
TR01288,선물할 거라 더 큰 사이즈로 교환하고 싶은데 가능할까요? 빠른 답변 부탁드려요.,교환
TR01289,수고 많으세요. 지퍼가 고장 나서 같은 모델 정상품으로 교환 부탁드려요.,교환
TR01290,세금계산서 발행되나요? 결제할 때 사업자 정보 넣는 데가 없어요.,주문결제
TR01291,오늘 도착 예정이라고 떴는데 아직도 안 왔어요. 몇 시쯤 와요? 빠른 답변 부탁드려요.,배송문의
TR01292,적립금하고 쿠폰을 같은 주문에 둘 다 쓸 수 있나요? 확인 부탁드립니다.,회원멤버십
TR01293,수고 많으세요. 취소 처리는 됐다는데 결제 금액 환불은 언제 들어오나요?,환불
TR01294,수고 많으세요. 배송 출발하면 문자로 알림 받을 수 있나요?,배송문의
TR01295,문의드립니다. 배송 출발하면 문자로 알림 받을 수 있나요? 감사합니다.,배송문의
TR01296,수고 많으세요. 제주도인데 배송 며칠 걸려요? 도착 예정일 알려주세요. 확인 부탁드립니다.,배송문의
TR01297,문의드립니다. 개인정보 처리방침은 어디서 확인할 수 있나요? 감사합니다.,기타
TR01298,회사로 배송지 바꾸고 싶은데 이미 상품 준비중이면 안 되나요? 빠른 답변 부탁드려요.,배송문의
TR01299,수고 많으세요. 지금 취소 누르면 적립금이랑 쿠폰은 다시 복구되나요?,취소
TR01300,개인정보 처리방침은 어디서 확인할 수 있나요?,기타
TR01301,수고 많으세요. 신발 좌우 사이즈가 달라서 정상 제품으로 교환하고 싶어요. 감사합니다.,교환
TR01302,문의드립니다. 색은 마음에 드는데 기장이 길어서 짧은 옵션으로 교환되나요?,교환
TR01303,두 번에 나눠서 받기로 했는데 나머지 상품은 언제 출발해요? 빠른 답변 부탁드려요.,배송문의
TR01304,본인인증이 자꾸 실패하는데 다른 방법으로 인증할 수 있나요? 감사합니다.,회원멤버십
TR01305,수고 많으세요. 두 개 샀는데 그중 하나만 반품하고 싶어요. 부분 반품 되나요?,반품
TR01306,안녕하세요. 단순 변심 반품인데 반품 배송비가 얼마나 차감되나요? 확인 부탁드립니다.,반품
TR01307,생일 쿠폰 발급된다고 했는데 아직 안 들어왔어요. 확인 부탁드립니다.,회원멤버십
TR01308,"문의드립니다. 반품하려는데 회수 기사님이 직접 오시는 건가요, 제가 보내야 하나요?",반품
TR01309,문의드립니다. 예약 주문한 건데 출시 전에 취소도 가능한가요? 감사합니다.,취소
TR01310,안녕하세요. 건조기에 돌려도 줄어들지 않나요? 빠른 답변 부탁드려요.,상품정보
TR01311,문의드립니다. 재입고 알림 신청했는데 알림이 안 와요. 확인 부탁드려요.,재입고
TR01312,문의드립니다. 사이즈별 실측 정보가 어디에 나와 있나요? 빠른 답변 부탁드려요.,상품정보
TR01313,안녕하세요. 은행 점검 시간이라 입금이 안 됐는데 주문이 취소될까 봐 걱정돼요.,주문결제
TR01314,수고 많으세요. 결제는 됐는데 재고가 없다고 다시 연락이 왔어요. 어떻게 되나요? 감사합니다.,주문결제
TR01315,문의드립니다. 다른 색으로 바꾸고 싶은데 그 색이 더 비싸면 차액만 내면 되나요? 빠른 답변 부탁드려요.,교환
TR01316,구매한 상품으로 콘텐츠 만들어도 저작권 문제 없나요? 확인 부탁드립니다.,기타
TR01317,문의드립니다. 지퍼가 고장 나서 같은 모델 정상품으로 교환 부탁드려요. 빠른 답변 부탁드려요.,교환
TR01318,안녕하세요. 인플루언서 협찬 문의는 어느 부서로 해야 하나요?,기타
TR01319,안녕하세요. 옵션을 잘못 선택해서 다른 사이즈로 바꿔주실 수 있나요? 확인 부탁드립니다.,교환
TR01320,문의드립니다. 배송이 너무 오래 걸려서 그냥 주문 자체를 취소하고 싶어요.,취소
TR01321,수고 많으세요. 반품한 상품 회수된 지 일주일 넘었는데 환불이 아직 안 됐어요. 감사합니다.,환불
TR01322,세금계산서 발행되나요? 결제할 때 사업자 정보 넣는 데가 없어요. 빠른 답변 부탁드려요.,주문결제
TR01323,앱에서 다크모드는 어떻게 설정하나요?,기타
TR01324,문의드립니다. 재입고됐다고 알림 받고 들어왔는데 벌써 또 품절이네요.,재입고
TR01325,이 색상은 시즌 한정이라 재입고가 아예 안 되는 건가요?,재입고
TR01326,문의드립니다. 반품 접수만 하면 알아서 회수 기사님이 오시는 거죠? 확인 부탁드립니다.,반품
TR01327,재입고 알림 여러 상품 걸어놨는데 한꺼번에 관리할 수 있나요?,재입고
TR01328,이 화장품 성분에 향료가 들어 있나요? 민감성 피부라서요. 확인 부탁드립니다.,상품정보
TR01329,두 개 주문 중 하나만 취소했는데 환불액 계산이 맞는지 봐주세요. 빠른 답변 부탁드려요.,환불
TR01330,안녕하세요. 배송 중에 파손돼서 왔어요. 동일 상품으로 교환해 주세요.,교환
TR01331,문의드립니다. 사이즈별 실측 정보가 어디에 나와 있나요? 확인 부탁드립니다.,상품정보
TR01332,수고 많으세요. 지퍼가 고장 나서 같은 모델 정상품으로 교환 부탁드려요. 확인 부탁드립니다.,교환
TR01333,수고 많으세요. 특정 옵션만 빠르게 다시 들어오는 편인지 궁금해요. 확인 부탁드립니다.,재입고
TR01334,안녕하세요. 옵션을 잘못 선택해서 다른 사이즈로 바꿔주실 수 있나요?,교환
TR01335,안녕하세요. 인덕션에서도 사용 가능한가요? 가스레인지 전용인가요?,상품정보
TR01336,"반품하려는데 회수 기사님이 직접 오시는 건가요, 제가 보내야 하나요?",반품
TR01337,안녕하세요. 방송에 나온 그 상품 어디서 찾는지 검색이 안 돼요.,기타
TR01338,리뷰 이벤트 당첨자 발표는 언제 어디서 확인하나요? 빠른 답변 부탁드려요.,기타
TR01339,환불은 됐다는데 부분 금액만 들어와서 나머지가 궁금해요. 빠른 답변 부탁드려요.,환불
TR01340,기프트카드 잔액으로 일부 결제하고 나머지는 카드로 할 수 있나요? 감사합니다.,주문결제
TR01341,안녕하세요. 기프트카드 잔액으로 일부 결제하고 나머지는 카드로 할 수 있나요? 확인 부탁드립니다.,주문결제
TR01342,배송 중에 파손돼서 왔어요. 동일 상품으로 교환해 주세요. 감사합니다.,교환
TR01343,수고 많으세요. 회원 등급별 혜택을 한눈에 볼 수 있는 페이지가 있나요?,회원멤버십
TR01344,아이디가 기억이 안 나는데 찾을 수 있을까요?,회원멤버십
TR01345,문의드립니다. 결제 취소하고 싶은데 어디서 하면 되나요? 빠른 답변 부탁드려요.,취소
TR01346,기업 단체복으로 단체 주문하려는데 담당자 연락처 있나요? 감사합니다.,기타
TR01347,문의드립니다. 색상이 모니터마다 다르게 보이던데 실제 톤이 어떤가요? 빠른 답변 부탁드려요.,상품정보
TR01348,"수고 많으세요. 반품하려는데 회수 기사님이 직접 오시는 건가요, 제가 보내야 하나요?",반품
TR01349,기부 캠페인 참여하려면 어떻게 하면 되나요? 확인 부탁드립니다.,기타
TR01350,수고 많으세요. 무통장입금 가상계좌 입금기한이 지났는데 재발급 가능해요?,주문결제
TR01351,문의드립니다. 쿠폰 할인받고 샀는데 환불 금액에 그게 어떻게 반영되나요?,환불
TR01352,안녕하세요. 배송지를 잘못 적었는데 출고 전이면 주소 바꿀 수 있나요? 감사합니다.,배송문의
TR01353,수고 많으세요. 환불 처리됐다고 문자 왔는데 통장에 아직 안 들어왔어요. 확인 부탁드립니다.,환불
TR01354,안녕하세요. 주문할 때 부재중이라 편의점 픽업으로 바꿀 수 있나요? 빠른 답변 부탁드려요.,배송문의
TR01355,문의드립니다. 두 개 주문 중 하나만 취소했는데 환불액 계산이 맞는지 봐주세요. 확인 부탁드립니다.,환불
TR01356,수고 많으세요. 이 화장품 성분에 향료가 들어 있나요? 민감성 피부라서요.,상품정보
TR01357,수고 많으세요. 오프라인 매장도 있나요? 직접 보고 사고 싶어서요. 확인 부탁드립니다.,기타
TR01358,수고 많으세요. 키 170인데 이 바지 기장이 어느 정도 올까요?,상품정보
TR01359,로그인하면 자꾸 다른 사람 정보가 떠요. 계정이 섞인 것 같아요. 확인 부탁드립니다.,회원멤버십
TR01360,수고 많으세요. 주문한 것과 다른 상품이 와서 반품 신청하고 싶어요.,반품
TR01361,이 가방에 13인치 노트북이 들어가는 크기인가요?,상품정보
TR01362,안녕하세요. 알러지가 있는데 소재에 라텍스나 금속 성분 들어가나요?,상품정보
TR01363,수고 많으세요. 옵션을 잘못 선택해서 다른 사이즈로 바꿔주실 수 있나요? 빠른 답변 부탁드려요.,교환
TR01364,문의드립니다. 옵션을 잘못 선택해서 다른 사이즈로 바꿔주실 수 있나요? 감사합니다.,교환
TR01365,안녕하세요. 할부로 결제하고 싶은데 몇 개월까지 무이자 되나요? 확인 부탁드립니다.,주문결제
TR01366,이 운동화 쿠션감이 좋은 편인가요? 오래 걸어도 편한지요. 빠른 답변 부탁드려요.,상품정보
TR01367,문의드립니다. 다음 입고 물량은 언제쯤 풀리는지 대략이라도 알 수 있을까요? 확인 부탁드립니다.,재입고
TR01368,안녕하세요. 사이즈 하나만 품절인데 그것만 재입고 되나요?,재입고
TR01369,수고 많으세요. 구성품 중 하나가 빠져서 왔는데 이 경우도 반품되나요? 확인 부탁드립니다.,반품
TR01370,수고 많으세요. 적립금하고 쿠폰을 같은 주문에 둘 다 쓸 수 있나요? 확인 부탁드립니다.,회원멤버십
TR01371,수고 많으세요. 예약구매로 결제했는데 언제 실제로 청구되나요?,주문결제
TR01372,문의드립니다. 무통장으로 결제했는데 환불은 어느 계좌로 받게 되나요?,환불
TR01373,문의드립니다. 색상이 화면이랑 너무 달라서 반품할게요. 확인 부탁드립니다.,반품
TR01374,문의드립니다. 반품 다 됐는데 배송비가 차감돼서 환불됐네요. 왜 그런가요? 확인 부탁드립니다.,환불
TR01375,환불 처리 상태를 어디서 확인할 수 있나요? 감사합니다.,환불
TR01376,단순 변심 반품인데 반품 배송비가 얼마나 차감되나요?,반품
TR01377,수고 많으세요. 구매한 상품으로 콘텐츠 만들어도 저작권 문제 없나요?,기타
TR01378,문의드립니다. 받아보니 생각보다 커서 반품하고 싶어요. 어떻게 신청하나요?,반품
TR01379,안녕하세요. 법인카드로 결제하면 지출증빙용 영수증도 따로 받을 수 있나요?,주문결제
TR01380,문의드립니다. 현금영수증 발급된 건인데 환불하면 그것도 취소되나요? 빠른 답변 부탁드려요.,환불
TR01381,문의드립니다. 이메일 수신 동의를 바꾸고 싶은데 어디서 설정하나요?,회원멤버십
TR01382,수고 많으세요. 결제는 됐는데 재고가 없다고 다시 연락이 왔어요. 어떻게 되나요?,주문결제
TR01383,환불 계좌를 바꾸고 싶은데 어떻게 하나요? 빠른 답변 부탁드려요.,환불
TR01384,수고 많으세요. 제품에 하자가 있어서 반품하려는데 회수는 언제 오나요? 빠른 답변 부탁드려요.,반품
TR01385,수고 많으세요. 단순 변심인데 반품 가능한가요? 배송비는 제가 부담하는 거죠?,반품
TR01386,생일 쿠폰 발급된다고 했는데 아직 안 들어왔어요.,회원멤버십
TR01387,안녕하세요. 주문번호로 실시간 배송 위치 확인할 수 있는 링크 있을까요? 감사합니다.,배송문의
TR01388,안녕하세요. 장바구니에서 결제하려는데 자꾸 오류 페이지로 넘어가요. 빠른 답변 부탁드려요.,주문결제
TR01389,수고 많으세요. 기부 캠페인 참여하려면 어떻게 하면 되나요?,기타
TR01390,수고 많으세요. 다음 입고 물량은 언제쯤 풀리는지 대략이라도 알 수 있을까요?,재입고
TR01391,배송 추적상 다른 동네로 가 있는 것 같은데 오배송 아닌가요? 감사합니다.,배송문의
TR01392,받아보니 생각보다 커서 반품하고 싶어요. 어떻게 신청하나요? 감사합니다.,반품
TR01393,수고 많으세요. 장바구니에 잘못 담긴 게 결제돼서 바로 취소하려고요. 빠른 답변 부탁드려요.,취소
TR01394,안녕하세요. 비밀번호가 기억이 안 나서 로그인을 못 하겠어요. 확인 부탁드립니다.,회원멤버십
TR01395,안녕하세요. 주문할 때 부재중이라 편의점 픽업으로 바꿀 수 있나요? 확인 부탁드립니다.,배송문의
TR01396,버튼이 하나 빠져 있어서 새것으로 교환 요청드려요. 빠른 답변 부탁드려요.,교환
TR01397,수고 많으세요. 주문한 상품 중에 하나만 빼고 나머지는 취소하고 싶어요. 확인 부탁드립니다.,취소
TR01398,문의드립니다. 두 개 주문 중 하나만 취소했는데 환불액 계산이 맞는지 봐주세요.,환불
TR01399,문의드립니다. 분명 어제 발송됐다는데 송장 추적이 아직도 집화처리에 멈춰 있어요. 확인 부탁드립니다.,배송문의
TR01400,사이즈 하나만 품절인데 그것만 재입고 되나요? 감사합니다.,재입고
TR01401,문의드립니다. 알러지가 있는데 소재에 라텍스나 금속 성분 들어가나요? 빠른 답변 부탁드려요.,상품정보
TR01402,수고 많으세요. 받은 색상이 칙칙해서 사진 속 색상 옵션으로 바꾸고 싶어요. 확인 부탁드립니다.,교환
TR01403,인덕션에서도 사용 가능한가요? 가스레인지 전용인가요?,상품정보
TR01404,"안녕하세요. 반품 회수 박스는 따로 준비해야 하나요, 원래 박스 쓰면 되나요?",반품
TR01405,문의드립니다. 이 화장품 성분에 향료가 들어 있나요? 민감성 피부라서요. 확인 부탁드립니다.,상품정보
TR01406,이 신발 발볼 넓은 편인가요? 평소 발볼 넓은데요. 감사합니다.,상품정보
TR01407,안녕하세요. 신발 좌우 사이즈가 달라서 정상 제품으로 교환하고 싶어요. 빠른 답변 부탁드려요.,교환
TR01408,문의드립니다. 받는 사람 이름을 다르게 적었는데 그대로 배송되나요?,배송문의
TR01409,제품에 하자가 있어서 반품하려는데 회수는 언제 오나요? 빠른 답변 부탁드려요.,반품
TR01410,같은 상품 다른 색상으로 교환도 되나요? 빠른 답변 부탁드려요.,교환
TR01411,수고 많으세요. 환불 처리됐다고 문자 왔는데 통장에 아직 안 들어왔어요.,환불
TR01412,수고 많으세요. 반품 다 됐는데 배송비가 차감돼서 환불됐네요. 왜 그런가요? 빠른 답변 부탁드려요.,환불
TR01413,수고 많으세요. 보증 기간이 얼마이고 AS는 어디서 받나요? 빠른 답변 부탁드려요.,상품정보
TR01414,문의드립니다. 재입고됐다고 알림 받고 들어왔는데 벌써 또 품절이네요. 빠른 답변 부탁드려요.,재입고
TR01415,문의드립니다. 환불 처리 상태를 어디서 확인할 수 있나요?,환불
TR01416,수고 많으세요. 알러지가 있는데 소재에 라텍스나 금속 성분 들어가나요?,상품정보
TR01417,문의드립니다. 휴면계정으로 전환됐다는데 다시 활성화하려면 어떻게 하나요? 빠른 답변 부탁드려요.,회원멤버십
TR01418,수고 많으세요. 결제 취소 요청한 금액이 일부만 환불됐어요. 나머지는요? 확인 부탁드립니다.,환불
TR01419,안녕하세요. 분명 어제 발송됐다는데 송장 추적이 아직도 집화처리에 멈춰 있어요. 확인 부탁드립니다.,배송문의
TR01420,수고 많으세요. 지금 취소 누르면 적립금이랑 쿠폰은 다시 복구되나요? 감사합니다.,취소
TR01421,문의드립니다. 오늘 도착 예정이라고 떴는데 아직도 안 왔어요. 몇 시쯤 와요? 감사합니다.,배송문의
TR01422,문의드립니다. 사이즈 하나만 품절인데 그것만 재입고 되나요? 빠른 답변 부탁드려요.,재입고
TR01423,문의드립니다. 배송 추적상 다른 동네로 가 있는 것 같은데 오배송 아닌가요? 감사합니다.,배송문의
TR01424,배송 추적상 다른 동네로 가 있는 것 같은데 오배송 아닌가요?,배송문의
TR01425,고객센터 운영 시간이 어떻게 되나요? 주말에도 상담되나요?,기타
TR01426,안녕하세요. 받자마자 깨져 있어서 반품하려고 하는데 사진 보내드릴까요? 감사합니다.,반품
TR01427,수고 많으세요. 선물받은 상품인데 영수증 없이도 반품할 수 있나요? 감사합니다.,반품
TR01428,이 신발 발볼 넓은 편인가요? 평소 발볼 넓은데요. 확인 부탁드립니다.,상품정보
TR01429,문의드립니다. 첫 구매 할인 코드를 넣었는데 적용이 안 되네요. 만료된 건가요? 감사합니다.,주문결제
TR01430,안녕하세요. 배송 추적상 다른 동네로 가 있는 것 같은데 오배송 아닌가요? 빠른 답변 부탁드려요.,배송문의
TR01431,문의드립니다. 전에 쓰던 제품이랑 호환되는 규격인지 확인하고 싶어요. 확인 부탁드립니다.,상품정보
TR01432,수고 많으세요. 주말에도 배송되나요? 토요일에 받아야 해서요. 감사합니다.,배송문의
TR01433,수고 많으세요. 버튼이 하나 빠져 있어서 새것으로 교환 요청드려요. 빠른 답변 부탁드려요.,교환
TR01434,수고 많으세요. 택은 안 뗐고 한 번도 안 입었어요. 반품 접수해 주세요. 감사합니다.,반품
TR01435,결제일이랑 환불일이 다른 달인데 카드값에 어떻게 반영돼요? 확인 부탁드립니다.,환불
TR01436,교환할 상품 회수는 언제 오고 새 상품은 언제 받을 수 있나요? 빠른 답변 부탁드려요.,교환
TR01437,안녕하세요. 사진이랑 실물 품질 차이가 너무 커서 반품 신청합니다. 확인 부탁드립니다.,반품
TR01438,수고 많으세요. 사이즈 하나만 품절인데 그것만 재입고 되나요?,재입고
TR01439,안녕하세요. 사이즈를 잘못 골라서 일단 취소하고 다시 주문할게요.,취소
TR01440,수고 많으세요. 환불 처리됐다고 문자 왔는데 통장에 아직 안 들어왔어요. 감사합니다.,환불
TR01441,문의드립니다. 받자마자 깨져 있어서 반품하려고 하는데 사진 보내드릴까요? 확인 부탁드립니다.,반품
TR01442,인기 상품이라 그런지 늘 없네요. 재입고 주기가 어떻게 되나요? 빠른 답변 부탁드려요.,재입고
TR01443,택배 박스가 찌그러져서 왔는데 안에 내용물은 괜찮을지 걱정돼요. 감사합니다.,배송문의
TR01444,제주도인데 배송 며칠 걸려요? 도착 예정일 알려주세요.,배송문의
TR01445,안녕하세요. 두 번에 나눠서 받기로 했는데 나머지 상품은 언제 출발해요?,배송문의
TR01446,문의드립니다. 회원 등급별 혜택을 한눈에 볼 수 있는 페이지가 있나요?,회원멤버십
TR01447,"문의드립니다. 재입고 알림은 앱 푸시로 오나요, 문자로 오나요? 감사합니다.",재입고
TR01448,수고 많으세요. 기프트카드로 산 건데 환불도 기프트카드로만 되나요? 빠른 답변 부탁드려요.,환불
TR01449,수고 많으세요. 환불 영수증이나 증빙을 받을 수 있을까요? 회사 제출용이에요.,환불
TR01450,문의드립니다. 무통장입금 했는데 입금확인이 아직도 안 됐다고 나와요.,주문결제
TR01451,안녕하세요. 교환 신청하면 회수랑 재배송이 동시에 진행되나요?,교환
TR01452,무통장입금 가상계좌 입금기한이 지났는데 재발급 가능해요? 감사합니다.,주문결제
TR01453,알러지가 있는데 소재에 라텍스나 금속 성분 들어가나요? 확인 부탁드립니다.,상품정보
TR01454,수고 많으세요. 단순 변심인데 반품 가능한가요? 배송비는 제가 부담하는 거죠? 감사합니다.,반품
TR01455,안녕하세요. 공동현관 비밀번호를 배송메모에 적었는데 기사님께 전달되나요?,배송문의
TR01456,문의드립니다. 구성품 중 하나가 빠져서 왔는데 이 경우도 반품되나요? 빠른 답변 부탁드려요.,반품
TR01457,"수고 많으세요. 같은 가격대 다른 모델로도 교환이 되나요, 아니면 동일상품만 되나요? 확인 부탁드립니다.",교환
TR01458,신발 좌우 사이즈가 달라서 정상 제품으로 교환하고 싶어요.,교환
TR01459,안녕하세요. 가입할 때 받은 웰컴 쿠폰이 안 보이는데 확인해 주세요. 빠른 답변 부탁드려요.,회원멤버십
TR01460,수고 많으세요. 결제하자마자 마음이 바뀌었어요. 주문 취소되나요? 확인 부탁드립니다.,취소
TR01461,수고 많으세요. 현금영수증 신청을 깜빡했는데 사후 발급 가능한가요? 빠른 답변 부탁드려요.,주문결제
TR01462,수고 많으세요. 무통장으로 결제했는데 환불은 어느 계좌로 받게 되나요?,환불
TR01463,수고 많으세요. 카드 할부로 샀는데 환불하면 할부도 자동으로 취소되나요?,환불
TR01464,불량이라 같은 걸로 교환 원해요. 교환 배송비는 안 드는 거죠? 감사합니다.,교환
TR01465,수고 많으세요. 장바구니에서 결제하려는데 자꾸 오류 페이지로 넘어가요.,주문결제
TR01466,안녕하세요. 냄새가 너무 심해서 못 쓰겠어요. 반품 처리해 주세요. 감사합니다.,반품
TR01467,문의드립니다. 은행 점검 시간이라 입금이 안 됐는데 주문이 취소될까 봐 걱정돼요.,주문결제
TR01468,현관 앞 말고 택배함에 넣어달라고 요청할 수 있나요? 감사합니다.,배송문의
TR01469,선물포장 서비스 되나요? 메시지 카드도 넣을 수 있어요? 빠른 답변 부탁드려요.,기타
TR01470,문의드립니다. 주문 두 건인데 같이 묶어서 한 번에 보내주실 수 있어요?,배송문의
TR01471,안녕하세요. 옵션을 잘못 선택해서 다른 사이즈로 바꿔주실 수 있나요? 감사합니다.,교환
TR01472,문의드립니다. 본인인증이 자꾸 실패하는데 다른 방법으로 인증할 수 있나요?,회원멤버십
TR01473,안녕하세요. 협업이나 입점 문의는 어디로 연락드리면 되나요?,기타
TR01474,환불 계좌를 바꾸고 싶은데 어떻게 하나요?,환불
TR01475,문의드립니다. 택배사 어디로 오나요? 부재중이라 경비실에 맡겨주실 수 있나요? 확인 부탁드립니다.,배송문의
TR01476,문의드립니다. 배송 시작 전에 취소 부탁드려요. 급하게 처리해 주세요. 확인 부탁드립니다.,취소
TR01477,수고 많으세요. 서랍 정리 칸막이 세트 언제 받을 수 있어요? 주말 전에 꼭 필요해서요. 감사합니다.,배송문의
TR01478,수고 많으세요. 끈 길이 조절이 되나요? 키 작은 아이가 메도 괜찮을까요? 확인 부탁드립니다.,상품정보
TR01479,문의드립니다. 현관 앞 말고 택배함에 넣어달라고 요청할 수 있나요? 확인 부탁드립니다.,배송문의
TR01480,수고 많으세요. 출고 전이라고 안내받았는데 취소 접수 좀 서둘러 주세요. 빠른 답변 부탁드려요.,취소
TR01481,안녕하세요. 오늘 도착 예정이라고 떴는데 아직도 안 왔어요. 몇 시쯤 와요? 확인 부탁드립니다.,배송문의
TR01482,신발 좌우 사이즈가 달라서 정상 제품으로 교환하고 싶어요. 빠른 답변 부탁드려요.,교환
TR01483,안녕하세요. 키 170인데 이 바지 기장이 어느 정도 올까요? 확인 부탁드립니다.,상품정보
TR01484,골드 등급 되려면 얼마나 더 사야 하나요? 감사합니다.,회원멤버십
TR01485,문의드립니다. 상품 관련 제휴 제안을 드리고 싶은데 메일 주소 알 수 있을까요? 확인 부탁드립니다.,기타
TR01486,안녕하세요. 받아보니 생각보다 커서 반품하고 싶어요. 어떻게 신청하나요? 감사합니다.,반품
TR01487,본인인증이 자꾸 실패하는데 다른 방법으로 인증할 수 있나요?,회원멤버십
TR01488,건조기에 돌려도 줄어들지 않나요? 확인 부탁드립니다.,상품정보
TR01489,안녕하세요. 버튼이 하나 빠져 있어서 새것으로 교환 요청드려요. 빠른 답변 부탁드려요.,교환
TR01490,수고 많으세요. 아이디가 기억이 안 나는데 찾을 수 있을까요? 확인 부탁드립니다.,회원멤버십
TR01491,반품 다 됐는데 배송비가 차감돼서 환불됐네요. 왜 그런가요? 확인 부탁드립니다.,환불
TR01492,가지고 있는 쿠폰이 결제창에서 적용이 안 돼요. 왜 그럴까요? 빠른 답변 부탁드려요.,주문결제
TR01493,수고 많으세요. 공동현관 비밀번호를 배송메모에 적었는데 기사님께 전달되나요?,배송문의
TR01494,안녕하세요. 특정 옵션만 빠르게 다시 들어오는 편인지 궁금해요.,재입고
TR01495,안녕하세요. 해외카드로도 결제가 되나요? 자꾸 승인 거절이 떠요.,주문결제
TR01496,안녕하세요. 아이디가 기억이 안 나는데 찾을 수 있을까요? 빠른 답변 부탁드려요.,회원멤버십
TR01497,안녕하세요. 주문 두 건인데 같이 묶어서 한 번에 보내주실 수 있어요? 빠른 답변 부탁드려요.,배송문의
TR01498,안녕하세요. 세금계산서 발행도 가능한가요? 사업자로 구매하려고요.,기타
TR01499,안녕하세요. 반품 말고 그냥 맞는 사이즈로 바꾸기만 하고 싶어요.,교환
TR01500,수고 많으세요. 교환할 상품 회수는 언제 오고 새 상품은 언제 받을 수 있나요?,교환
TR01501,방송에 나온 그 상품 어디서 찾는지 검색이 안 돼요. 감사합니다.,기타
TR01502,다른 색으로 바꾸고 싶은데 그 색이 더 비싸면 차액만 내면 되나요? 빠른 답변 부탁드려요.,교환
TR01503,안녕하세요. 배송완료라고 뜨는데 문 앞에 물건이 없어요. 분실된 것 같아요. 확인 부탁드립니다.,배송문의
TR01504,문의드립니다. 공동현관 비밀번호를 배송메모에 적었는데 기사님께 전달되나요?,배송문의
TR01505,수고 많으세요. 예전에 팔던 모델인데 재입고 가능성이 있을까요? 확인 부탁드립니다.,재입고
TR01506,문의드립니다. 사이즈가 안 맞아서 한 치수 큰 걸로 교환하고 싶어요. 빠른 답변 부탁드려요.,교환
TR01507,문의드립니다. 환불 계좌를 바꾸고 싶은데 어떻게 하나요? 빠른 답변 부탁드려요.,환불
TR01508,안녕하세요. 등급은 언제 갱신되나요? 매달 초인가요? 확인 부탁드립니다.,회원멤버십
TR01509,"수고 많으세요. 세탁기로 돌려도 되나요, 손세탁만 해야 하나요?",상품정보
TR01510,수고 많으세요. 해외카드로도 결제가 되나요? 자꾸 승인 거절이 떠요.,주문결제
TR01511,문의드립니다. 회원 등급이 강등됐는데 기준이 어떻게 되는 건가요?,회원멤버십
TR01512,문의드립니다. 방송에 나온 그 상품 어디서 찾는지 검색이 안 돼요. 확인 부탁드립니다.,기타
TR01513,"재입고되면 따로 연락 주시나요, 아니면 알림이 오나요?",재입고
TR01514,무통장입금 가상계좌 입금기한이 지났는데 재발급 가능해요? 확인 부탁드립니다.,주문결제
TR01515,기프트카드로 산 건데 환불도 기프트카드로만 되나요?,환불
TR01516,앱에서 다크모드는 어떻게 설정하나요? 감사합니다.,기타
TR01517,오프라인 매장도 있나요? 직접 보고 사고 싶어서요. 확인 부탁드립니다.,기타
TR01518,어제 결제했는데 아직 배송 시작도 안 했어요. 송장번호 언제 나오나요? 감사합니다.,배송문의
TR01519,문의드립니다. 결제하다가 오류 나서 두 번 눌렀는데 두 번 결제된 것 같아요. 빠른 답변 부탁드려요.,주문결제
TR01520,문의드립니다. 카드 승인은 났는데 주문이 실패라고 떠요. 중복결제 된 건 아니죠? 감사합니다.,주문결제
TR01521,엘리베이터 공사 중이라 1층에 두고 가시라고 메모 남길 수 있나요? 감사합니다.,배송문의
TR01522,수고 많으세요. 선물할 거라 더 큰 사이즈로 교환하고 싶은데 가능할까요?,교환
TR01523,문의드립니다. 주문서에서 수량을 잘못 넣어 결제됐어요. 금액 정정이 되나요? 빠른 답변 부탁드려요.,주문결제
TR01524,현금영수증 발급된 건인데 환불하면 그것도 취소되나요?,환불
TR01525,안녕하세요. 품절 임박이라고 떠 있는데 추가 입고 예정 있나요? 빠른 답변 부탁드려요.,재입고
TR01526,안녕하세요. 배송 추적상 다른 동네로 가 있는 것 같은데 오배송 아닌가요?,배송문의
TR01527,법인카드로 결제하면 지출증빙용 영수증도 따로 받을 수 있나요? 빠른 답변 부탁드려요.,주문결제
TR01528,문의드립니다. 등급은 언제 갱신되나요? 매달 초인가요? 감사합니다.,회원멤버십
TR01529,방금 주문했는데 아직 발송 전이면 전체 취소하고 싶어요. 확인 부탁드립니다.,취소
TR01530,문의드립니다. 카드 할부로 샀는데 환불하면 할부도 자동으로 취소되나요?,환불
TR01531,안녕하세요. 어제 결제했는데 아직 배송 시작도 안 했어요. 송장번호 언제 나오나요? 감사합니다.,배송문의
TR01532,안녕하세요. 유통기한이 임박한 게 와서 반품하고 싶은데 가능할까요?,반품
TR01533,"수고 많으세요. 재입고되면 따로 연락 주시나요, 아니면 알림이 오나요? 감사합니다.",재입고
TR01534,택은 안 뗐고 한 번도 안 입었어요. 반품 접수해 주세요. 확인 부탁드립니다.,반품
TR01535,안녕하세요. 단순 변심 반품인데 반품 배송비가 얼마나 차감되나요?,반품
TR01536,은행 점검 시간이라 입금이 안 됐는데 주문이 취소될까 봐 걱정돼요. 감사합니다.,주문결제
TR01537,필터는 어디서 따로 구매하나요? 교체 주기는 얼마예요?,상품정보
TR01538,문의드립니다. 식기세척기에 넣고 돌려도 괜찮은 재질인가요? 감사합니다.,상품정보
TR01539,안녕하세요. 결제하자마자 마음이 바뀌었어요. 주문 취소되나요? 감사합니다.,취소
TR01540,안녕하세요. 스팀 극세사 물걸레 리필 5매 사이즈만 바꾸고 싶어요. 교환 신청할게요. 빠른 답변 부탁드려요.,교환
TR01541,안녕하세요. 이 색상은 시즌 한정이라 재입고가 아예 안 되는 건가요? 빠른 답변 부탁드려요.,재입고
TR01542,수고 많으세요. 등급은 언제 갱신되나요? 매달 초인가요? 감사합니다.,회원멤버십
TR01543,안녕하세요. 첫 구매 할인 코드를 넣었는데 적용이 안 되네요. 만료된 건가요?,주문결제
TR01544,수고 많으세요. 한 번에 다 품절돼서 그러는데 보통 얼마 만에 다시 채워지나요? 확인 부탁드립니다.,재입고
TR01545,적립금하고 쿠폰을 같은 주문에 둘 다 쓸 수 있나요? 감사합니다.,회원멤버십
TR01546,환불 영수증이나 증빙을 받을 수 있을까요? 회사 제출용이에요. 빠른 답변 부탁드려요.,환불
TR01547,받은 지 일주일 됐는데 아직 반품 신청 기간 안 지났죠? 확인 부탁드립니다.,반품
TR01548,"수고 많으세요. 같은 가격대 다른 모델로도 교환이 되나요, 아니면 동일상품만 되나요? 빠른 답변 부탁드려요.",교환
TR01549,협업이나 입점 문의는 어디로 연락드리면 되나요? 감사합니다.,기타
TR01550,수고 많으세요. 쿠폰 할인받고 샀는데 환불 금액에 그게 어떻게 반영되나요? 감사합니다.,환불
TR01551,공동현관 비밀번호를 배송메모에 적었는데 기사님께 전달되나요? 감사합니다.,배송문의
TR01552,출고 전이라고 안내받았는데 취소 접수 좀 서둘러 주세요. 빠른 답변 부탁드려요.,취소
TR01553,문의드립니다. 회원 등급이 강등됐는데 기준이 어떻게 되는 건가요? 감사합니다.,회원멤버십
TR01554,환불 처리 상태를 어디서 확인할 수 있나요? 빠른 답변 부탁드려요.,환불
TR01555,문의드립니다. 주문한 것과 다른 상품이 와서 반품 신청하고 싶어요. 빠른 답변 부탁드려요.,반품
TR01556,수고 많으세요. 쿠폰 잘못 써서 취소하고 다시 제대로 적용해서 주문할게요.,취소
TR01557,사이즈 하나만 품절인데 그것만 재입고 되나요? 확인 부탁드립니다.,재입고
TR01558,안녕하세요. 이 운동화 쿠션감이 좋은 편인가요? 오래 걸어도 편한지요. 확인 부탁드립니다.,상품정보
TR01559,"안녕하세요. 반품 회수 박스는 따로 준비해야 하나요, 원래 박스 쓰면 되나요? 빠른 답변 부탁드려요.",반품
TR01560,문의드립니다. 회원 탈퇴하면 적립금은 어떻게 되나요? 감사합니다.,회원멤버십
TR01561,수고 많으세요. 배송완료라고 뜨는데 문 앞에 물건이 없어요. 분실된 것 같아요. 빠른 답변 부탁드려요.,배송문의
TR01562,안녕하세요. 기부 캠페인 참여하려면 어떻게 하면 되나요? 확인 부탁드립니다.,기타
TR01563,"문의드립니다. 반품 회수 박스는 따로 준비해야 하나요, 원래 박스 쓰면 되나요? 빠른 답변 부탁드려요.",반품
TR01564,문의드립니다. 재입고 알림 여러 상품 걸어놨는데 한꺼번에 관리할 수 있나요? 감사합니다.,재입고
TR01565,수고 많으세요. 사이즈가 안 맞아서 한 치수 큰 걸로 교환하고 싶어요. 빠른 답변 부탁드려요.,교환
TR01566,문의드립니다. 장바구니에 잘못 담긴 게 결제돼서 바로 취소하려고요.,취소
TR01567,주문 직후인데 결제 취소 처리하면 카드 승인도 같이 취소되나요? 빠른 답변 부탁드려요.,취소
TR01568,쿠폰 할인받고 샀는데 환불 금액에 그게 어떻게 반영되나요? 빠른 답변 부탁드려요.,환불
TR01569,수고 많으세요. 고객센터 운영 시간이 어떻게 되나요? 주말에도 상담되나요?,기타
TR01570,주문한 상품 중에 하나만 빼고 나머지는 취소하고 싶어요.,취소
TR01571,수고 많으세요. 세트 구성이 어떻게 되나요? 사진에 나온 거 다 포함인가요?,상품정보
TR01572,수고 많으세요. 반품 말고 그냥 맞는 사이즈로 바꾸기만 하고 싶어요. 감사합니다.,교환
TR01573,품절 임박이라고 떠 있는데 추가 입고 예정 있나요?,재입고
TR01574,주말에도 배송되나요? 토요일에 받아야 해서요. 빠른 답변 부탁드려요.,배송문의
TR01575,"수고 많으세요. 재입고되면 따로 연락 주시나요, 아니면 알림이 오나요? 빠른 답변 부탁드려요.",재입고
TR01576,문의드립니다. 옵션을 잘못 선택해서 다른 사이즈로 바꿔주실 수 있나요?,교환
TR01577,배송 추적상 다른 동네로 가 있는 것 같은데 오배송 아닌가요? 빠른 답변 부탁드려요.,배송문의
TR01578,인기 상품이라 그런지 늘 없네요. 재입고 주기가 어떻게 되나요? 확인 부탁드립니다.,재입고
TR01579,안녕하세요. 사이즈 하나만 품절인데 그것만 재입고 되나요? 감사합니다.,재입고
TR01580,문의드립니다. 무통장입금 가상계좌 입금기한이 지났는데 재발급 가능해요?,주문결제
TR01581,안녕하세요. 교환할 상품 회수는 언제 오고 새 상품은 언제 받을 수 있나요?,교환
TR01582,안녕하세요. 받은 색상이 칙칙해서 사진 속 색상 옵션으로 바꾸고 싶어요. 빠른 답변 부탁드려요.,교환
TR01583,수고 많으세요. 이 화장품 성분에 향료가 들어 있나요? 민감성 피부라서요. 확인 부탁드립니다.,상품정보
TR01584,안녕하세요. 보증 기간이 얼마이고 AS는 어디서 받나요? 감사합니다.,상품정보
TR01585,수고 많으세요. 등급은 언제 갱신되나요? 매달 초인가요? 확인 부탁드립니다.,회원멤버십
TR01586,수고 많으세요. 아직 상품 준비중이던데 지금 취소하면 바로 되나요? 빠른 답변 부탁드려요.,취소
TR01587,수고 많으세요. 배송 시작 전에 취소 부탁드려요. 급하게 처리해 주세요.,취소
TR01588,안녕하세요. 배송완료라고 뜨는데 문 앞에 물건이 없어요. 분실된 것 같아요. 감사합니다.,배송문의
TR01589,안녕하세요. 택은 안 뗐고 한 번도 안 입었어요. 반품 접수해 주세요. 감사합니다.,반품
TR01590,탈퇴했다가 다시 가입하면 예전 등급이 유지되나요? 빠른 답변 부탁드려요.,회원멤버십
TR01591,수고 많으세요. 이메일 수신 동의를 바꾸고 싶은데 어디서 설정하나요? 감사합니다.,회원멤버십
TR01592,이사 가서 주소가 바뀌었는데 출고 전에 변경 부탁드려요. 감사합니다.,배송문의
TR01593,수고 많으세요. 배송지가 잘못돼서 그냥 취소하고 새로 주문하는 게 빠를까요? 감사합니다.,취소
TR01594,사이즈를 잘못 골라서 일단 취소하고 다시 주문할게요. 빠른 답변 부탁드려요.,취소
TR01595,수고 많으세요. 새벽배송 되는 지역인지 우편번호로 확인해 주실 수 있어요? 감사합니다.,배송문의
TR01596,주문한 상품 중에 하나만 빼고 나머지는 취소하고 싶어요. 감사합니다.,취소
TR01597,수고 많으세요. 결제 수단을 카드에서 계좌이체로 바꾸고 싶은데 가능한가요?,주문결제
TR01598,안녕하세요. 프린트가 비뚤게 인쇄돼서 멀쩡한 걸로 교환해 주세요. 확인 부탁드립니다.,교환
TR01599,발송 준비중이라고 떠도 지금 바로 취소 막아주실 수 있나요? 확인 부탁드립니다.,취소
TR01600,수고 많으세요. 필터는 어디서 따로 구매하나요? 교체 주기는 얼마예요? 감사합니다.,상품정보
TR01601,수고 많으세요. 배송완료라고 뜨는데 문 앞에 물건이 없어요. 분실된 것 같아요.,배송문의
TR01602,"안녕하세요. 재입고되면 따로 연락 주시나요, 아니면 알림이 오나요? 감사합니다.",재입고
TR01603,수고 많으세요. 받은 색상이 칙칙해서 사진 속 색상 옵션으로 바꾸고 싶어요. 감사합니다.,교환
TR01604,골드 등급 되려면 얼마나 더 사야 하나요?,회원멤버십
TR01605,안녕하세요. 받아보니 생각보다 커서 반품하고 싶어요. 어떻게 신청하나요?,반품
TR01606,문의드립니다. 해외 배송도 되나요? 외국에 있는 가족에게 보내려고요. 빠른 답변 부탁드려요.,기타
TR01607,안녕하세요. 적립금하고 쿠폰을 같은 주문에 둘 다 쓸 수 있나요?,회원멤버십
TR01608,안녕하세요. 무통장으로 결제했는데 환불은 어느 계좌로 받게 되나요? 빠른 답변 부탁드려요.,환불
TR01609,문의드립니다. 배송지가 잘못돼서 그냥 취소하고 새로 주문하는 게 빠를까요?,취소
TR01610,안녕하세요. 색은 마음에 드는데 기장이 길어서 짧은 옵션으로 교환되나요? 감사합니다.,교환
TR01611,문의드립니다. 불량이라 같은 걸로 교환 원해요. 교환 배송비는 안 드는 거죠? 감사합니다.,교환
TR01612,문의드립니다. 구매한 상품으로 콘텐츠 만들어도 저작권 문제 없나요? 빠른 답변 부탁드려요.,기타
TR01613,세트 구성이 어떻게 되나요? 사진에 나온 거 다 포함인가요?,상품정보
TR01614,문의드립니다. 결제만 하고 아직 아무 진행 없으면 위약금 없이 취소되죠? 감사합니다.,취소
TR01615,수고 많으세요. 배송 추적상 다른 동네로 가 있는 것 같은데 오배송 아닌가요? 확인 부탁드립니다.,배송문의
TR01616,수고 많으세요. 카드사 사정으로 환불이 늦어진다는데 보통 며칠 더 걸리나요? 확인 부탁드립니다.,환불
TR01617,안녕하세요. 리뷰 이벤트 당첨자 발표는 언제 어디서 확인하나요?,기타
TR01618,오프라인 매장도 있나요? 직접 보고 사고 싶어서요. 빠른 답변 부탁드려요.,기타
TR01619,수고 많으세요. 품절 임박이라고 떠 있는데 추가 입고 예정 있나요?,재입고
TR01620,수고 많으세요. 옵션을 잘못 선택해서 다른 사이즈로 바꿔주실 수 있나요? 감사합니다.,교환
TR01621,수고 많으세요. 결제만 하고 아직 아무 진행 없으면 위약금 없이 취소되죠?,취소
TR01622,안녕하세요. 다른 색으로 바꾸고 싶은데 그 색이 더 비싸면 차액만 내면 되나요?,교환
TR01623,안녕하세요. 사이즈 하나만 품절인데 그것만 재입고 되나요? 확인 부탁드립니다.,재입고
TR01624,이메일 수신 동의를 바꾸고 싶은데 어디서 설정하나요? 감사합니다.,회원멤버십
TR01625,문의드립니다. 예전에 팔던 모델인데 재입고 가능성이 있을까요?,재입고
TR01626,안녕하세요. 현금영수증 신청을 깜빡했는데 사후 발급 가능한가요?,주문결제
TR01627,안녕하세요. 구매한 상품으로 콘텐츠 만들어도 저작권 문제 없나요?,기타
TR01628,사이즈별 실측 정보가 어디에 나와 있나요? 확인 부탁드립니다.,상품정보
TR01629,수고 많으세요. 환불은 됐다는데 부분 금액만 들어와서 나머지가 궁금해요. 감사합니다.,환불
TR01630,재입고되면 가격이 오르나요? 지금이랑 같은 가격일까요? 감사합니다.,재입고
TR01631,이메일 수신 동의를 바꾸고 싶은데 어디서 설정하나요?,회원멤버십
TR01632,오늘 도착 예정이라고 떴는데 아직도 안 왔어요. 몇 시쯤 와요? 확인 부탁드립니다.,배송문의
TR01633,안녕하세요. 반품 말고 그냥 맞는 사이즈로 바꾸기만 하고 싶어요. 빠른 답변 부탁드려요.,교환
TR01634,재입고 알림 신청했는데 알림이 안 와요. 확인 부탁드려요.,재입고
TR01635,문의드립니다. 환불 영수증이나 증빙을 받을 수 있을까요? 회사 제출용이에요.,환불
TR01636,휴대폰 소액결제 한도가 초과됐다는데 다른 방법은 없나요?,주문결제
TR01637,두 개 주문 중 하나만 취소했는데 환불액 계산이 맞는지 봐주세요.,환불
TR01638,안녕하세요. 회사 단체주문인데 한 건 잘못 들어가서 그 건만 취소 부탁드려요. 빠른 답변 부탁드려요.,취소
TR01639,문의드립니다. 배송 중에 파손돼서 왔어요. 동일 상품으로 교환해 주세요.,교환
TR01640,박음질이 터져 있어서 같은 상품으로 교환 요청합니다. 확인 부탁드립니다.,교환
TR01641,반품한 상품 회수된 지 일주일 넘었는데 환불이 아직 안 됐어요.,환불
TR01642,문의드립니다. 쿠폰함에 있던 쿠폰이 사라졌는데 만료된 건가요? 빠른 답변 부탁드려요.,회원멤버십
TR01643,알러지가 있는데 소재에 라텍스나 금속 성분 들어가나요? 감사합니다.,상품정보
TR01644,수고 많으세요. 카드사 사정으로 환불이 늦어진다는데 보통 며칠 더 걸리나요? 감사합니다.,환불
TR01645,카드사 사정으로 환불이 늦어진다는데 보통 며칠 더 걸리나요?,환불
TR01646,단순 변심인데 반품 가능한가요? 배송비는 제가 부담하는 거죠? 확인 부탁드립니다.,반품
TR01647,안녕하세요. 택배 박스가 찌그러져서 왔는데 안에 내용물은 괜찮을지 걱정돼요. 빠른 답변 부탁드려요.,배송문의
TR01648,포인트가 분명 있는데 결제할 때 사용 가능 금액이 0으로 떠요.,주문결제
TR01649,문의드립니다. 지금 취소 누르면 적립금이랑 쿠폰은 다시 복구되나요?,취소
TR01650,문의드립니다. 새벽배송 되는 지역인지 우편번호로 확인해 주실 수 있어요? 확인 부탁드립니다.,배송문의
TR01651,수고 많으세요. 할인 적용 전 금액으로 결제됐어요. 차액 어떻게 되나요? 확인 부탁드립니다.,주문결제
TR01652,문의드립니다. 사이즈를 잘못 골라서 일단 취소하고 다시 주문할게요. 감사합니다.,취소
TR01653,수고 많으세요. 냄새가 너무 심해서 못 쓰겠어요. 반품 처리해 주세요.,반품
TR01654,안녕하세요. 단순 변심인데 반품 가능한가요? 배송비는 제가 부담하는 거죠? 감사합니다.,반품
TR01655,안녕하세요. 고객센터 운영 시간이 어떻게 되나요? 주말에도 상담되나요? 감사합니다.,기타
TR01656,문의드립니다. 알러지가 있는데 소재에 라텍스나 금속 성분 들어가나요? 확인 부탁드립니다.,상품정보
TR01657,인플루언서 협찬 문의는 어느 부서로 해야 하나요? 확인 부탁드립니다.,기타
TR01658,안녕하세요. 박음질이 터져 있어서 같은 상품으로 교환 요청합니다. 빠른 답변 부탁드려요.,교환
TR01659,문의드립니다. 부분 반품했는데 그만큼만 환불되는 게 맞나요? 금액이 이상해요. 확인 부탁드립니다.,환불
TR01660,개인정보 처리방침은 어디서 확인할 수 있나요? 감사합니다.,기타
TR01661,안녕하세요. 인덕션에서도 사용 가능한가요? 가스레인지 전용인가요? 빠른 답변 부탁드려요.,상품정보
TR01662,문의드립니다. 기프트카드 잔액으로 일부 결제하고 나머지는 카드로 할 수 있나요? 빠른 답변 부탁드려요.,주문결제
TR01663,안녕하세요. 다른 색으로 바꾸고 싶은데 그 색이 더 비싸면 차액만 내면 되나요? 확인 부탁드립니다.,교환
TR01664,교환 신청하면 회수랑 재배송이 동시에 진행되나요? 확인 부탁드립니다.,교환
TR01665,식기세척기에 넣고 돌려도 괜찮은 재질인가요? 확인 부탁드립니다.,상품정보
TR01666,안녕하세요. 배송 추적상 다른 동네로 가 있는 것 같은데 오배송 아닌가요? 감사합니다.,배송문의
TR01667,수고 많으세요. 교환 신청하면 회수랑 재배송이 동시에 진행되나요? 빠른 답변 부탁드려요.,교환
TR01668,문의드립니다. 휴대폰 소액결제 한도가 초과됐다는데 다른 방법은 없나요?,주문결제
TR01669,상품이 마음에 안 들 것 같아서 받기 전에 미리 취소할게요.,취소
TR01670,색상이 화면이랑 너무 달라서 반품할게요. 빠른 답변 부탁드려요.,반품
TR01671,기업 단체복으로 단체 주문하려는데 담당자 연락처 있나요?,기타
TR01672,안녕하세요. 예약구매로 결제했는데 언제 실제로 청구되나요?,주문결제
TR01673,문의드립니다. 비밀번호가 기억이 안 나서 로그인을 못 하겠어요. 빠른 답변 부탁드려요.,회원멤버십
TR01674,수고 많으세요. 엘리베이터 공사 중이라 1층에 두고 가시라고 메모 남길 수 있나요?,배송문의
TR01675,문의드립니다. 기업 단체복으로 단체 주문하려는데 담당자 연락처 있나요?,기타
TR01676,안녕하세요. 이 색상만 계속 품절인데 다시 들어올 예정 있나요? 확인 부탁드립니다.,재입고
TR01677,현금영수증 신청을 깜빡했는데 사후 발급 가능한가요? 빠른 답변 부탁드려요.,주문결제
TR01678,안녕하세요. 다음 입고 물량은 언제쯤 풀리는지 대략이라도 알 수 있을까요? 확인 부탁드립니다.,재입고
TR01679,문의드립니다. 반품 말고 그냥 맞는 사이즈로 바꾸기만 하고 싶어요. 빠른 답변 부탁드려요.,교환
TR01680,결제는 됐는데 재고가 없다고 다시 연락이 왔어요. 어떻게 되나요? 확인 부탁드립니다.,주문결제
TR01681,수고 많으세요. 가입할 때 받은 웰컴 쿠폰이 안 보이는데 확인해 주세요.,회원멤버십
TR01682,안녕하세요. 취소 처리는 됐다는데 결제 금액 환불은 언제 들어오나요?,환불
TR01683,안녕하세요. 본인인증이 자꾸 실패하는데 다른 방법으로 인증할 수 있나요? 감사합니다.,회원멤버십
TR01684,수고 많으세요. 회원 등급이 강등됐는데 기준이 어떻게 되는 건가요? 빠른 답변 부탁드려요.,회원멤버십
TR01685,문의드립니다. 부분 반품했는데 그만큼만 환불되는 게 맞나요? 금액이 이상해요.,환불
TR01686,수고 많으세요. 헤비코튼 무지 맨투맨 사이즈만 바꾸고 싶어요. 교환 신청할게요.,교환
TR01687,안녕하세요. 쿠폰 할인받고 샀는데 환불 금액에 그게 어떻게 반영되나요? 빠른 답변 부탁드려요.,환불
TR01688,아직 상품 준비중이던데 지금 취소하면 바로 되나요? 확인 부탁드립니다.,취소
TR01689,카드 승인은 났는데 주문이 실패라고 떠요. 중복결제 된 건 아니죠?,주문결제
TR01690,문의드립니다. 광고 문자 수신 거부하고 싶은데 어떻게 하나요?,기타
TR01691,수고 많으세요. 이메일 수신 동의를 바꾸고 싶은데 어디서 설정하나요?,회원멤버십
TR01692,수고 많으세요. 재입고 알림 여러 상품 걸어놨는데 한꺼번에 관리할 수 있나요?,재입고
TR01693,안녕하세요. 도서산간 지역인데 추가 배송일이 얼마나 더 걸리나요?,배송문의
TR01694,문의드립니다. 적립금으로 결제한 부분은 환불도 적립금으로 돌아오나요? 확인 부탁드립니다.,환불
TR01695,수고 많으세요. 도서산간 지역인데 추가 배송일이 얼마나 더 걸리나요?,배송문의
TR01696,적립금으로 결제한 부분은 환불도 적립금으로 돌아오나요? 확인 부탁드립니다.,환불
TR01697,문의드립니다. 지금 출고됐나요? 빠른배송으로 받아볼 수 있는지 궁금해요.,배송문의
TR01698,문의드립니다. 배송이 너무 오래 걸려서 그냥 주문 자체를 취소하고 싶어요. 빠른 답변 부탁드려요.,취소
TR01699,문의드립니다. 현금영수증 신청을 깜빡했는데 사후 발급 가능한가요? 확인 부탁드립니다.,주문결제
TR01700,안녕하세요. 주문한 상품 중에 하나만 빼고 나머지는 취소하고 싶어요. 감사합니다.,취소
TR01701,안녕하세요. 기프트카드 잔액으로 일부 결제하고 나머지는 카드로 할 수 있나요?,주문결제
TR01702,수고 많으세요. 두 개 샀는데 그중 하나만 반품하고 싶어요. 부분 반품 되나요? 감사합니다.,반품
TR01703,안녕하세요. 주문할 때 부재중이라 편의점 픽업으로 바꿀 수 있나요?,배송문의
TR01704,회원정보에 주소를 여러 개 저장해둘 수 있나요? 감사합니다.,회원멤버십
TR01705,수고 많으세요. 이 가방에 13인치 노트북이 들어가는 크기인가요?,상품정보
TR01706,수고 많으세요. 사이즈 하나만 품절인데 그것만 재입고 되나요? 확인 부탁드립니다.,재입고
TR01707,수고 많으세요. 해외카드로도 결제가 되나요? 자꾸 승인 거절이 떠요. 확인 부탁드립니다.,주문결제
TR01708,이사 가서 주소가 바뀌었는데 출고 전에 변경 부탁드려요. 빠른 답변 부탁드려요.,배송문의
TR01709,수고 많으세요. 상품 관련 제휴 제안을 드리고 싶은데 메일 주소 알 수 있을까요? 감사합니다.,기타
TR01710,분명 어제 발송됐다는데 송장 추적이 아직도 집화처리에 멈춰 있어요. 빠른 답변 부탁드려요.,배송문의
TR01711,문의드립니다. 다음 입고 물량은 언제쯤 풀리는지 대략이라도 알 수 있을까요?,재입고
TR01712,안녕하세요. 로그인하면 자꾸 다른 사람 정보가 떠요. 계정이 섞인 것 같아요.,회원멤버십
TR01713,문의드립니다. 주문한 상품 중에 하나만 빼고 나머지는 취소하고 싶어요. 확인 부탁드립니다.,취소
TR01714,예약구매로 결제했는데 언제 실제로 청구되나요?,주문결제
TR01715,탈퇴했다가 다시 가입하면 예전 등급이 유지되나요? 감사합니다.,회원멤버십
TR01716,수고 많으세요. 아이디가 기억이 안 나는데 찾을 수 있을까요? 감사합니다.,회원멤버십
TR01717,문의드립니다. 공동현관 비밀번호를 배송메모에 적었는데 기사님께 전달되나요? 확인 부탁드립니다.,배송문의
TR01718,문의드립니다. 생일 쿠폰 발급된다고 했는데 아직 안 들어왔어요. 확인 부탁드립니다.,회원멤버십
TR01719,안녕하세요. 선물받은 상품인데 영수증 없이도 반품할 수 있나요?,반품
TR01720,문의드립니다. 주문 두 건인데 같이 묶어서 한 번에 보내주실 수 있어요? 확인 부탁드립니다.,배송문의
TR01721,이 제품 KC 인증 받은 정품 맞나요? 감사합니다.,상품정보
TR01722,수고 많으세요. 이 모델 무게가 얼마나 나가나요? 들고 다니기 무겁지 않을까요?,상품정보
TR01723,세금계산서 발행도 가능한가요? 사업자로 구매하려고요. 빠른 답변 부탁드려요.,기타
TR01724,문의드립니다. 상품이 마음에 안 들 것 같아서 받기 전에 미리 취소할게요. 확인 부탁드립니다.,취소
TR01725,수고 많으세요. 주문한 것과 다른 상품이 와서 반품 신청하고 싶어요. 확인 부탁드립니다.,반품
TR01726,단순 변심인데 반품 가능한가요? 배송비는 제가 부담하는 거죠?,반품
TR01727,무통장입금 했는데 입금확인이 아직도 안 됐다고 나와요. 확인 부탁드립니다.,주문결제
TR01728,문의드립니다. 환불 계좌를 바꾸고 싶은데 어떻게 하나요? 감사합니다.,환불
TR01729,장바구니에서 결제하려는데 자꾸 오류 페이지로 넘어가요.,주문결제
TR01730,문의드립니다. 택배사 어디로 오나요? 부재중이라 경비실에 맡겨주실 수 있나요?,배송문의
TR01731,수고 많으세요. 결제할 때 입력한 배송메모가 사라졌는데 다시 등록되나요? 확인 부탁드립니다.,주문결제
TR01732,안녕하세요. 생일 쿠폰 발급된다고 했는데 아직 안 들어왔어요.,회원멤버십
TR01733,수고 많으세요. 사이즈를 잘못 골라서 일단 취소하고 다시 주문할게요. 확인 부탁드립니다.,취소
TR01734,안녕하세요. 회원정보에 주소를 여러 개 저장해둘 수 있나요? 빠른 답변 부탁드려요.,회원멤버십
TR01735,배송 중에 파손돼서 왔어요. 동일 상품으로 교환해 주세요. 확인 부탁드립니다.,교환
TR01736,안녕하세요. 결제하자마자 마음이 바뀌었어요. 주문 취소되나요?,취소
TR01737,안녕하세요. 고객센터 운영 시간이 어떻게 되나요? 주말에도 상담되나요? 빠른 답변 부탁드려요.,기타
TR01738,안녕하세요. 식기세척기에 넣고 돌려도 괜찮은 재질인가요? 확인 부탁드립니다.,상품정보
TR01739,수고 많으세요. 앱에서 다크모드는 어떻게 설정하나요? 확인 부탁드립니다.,기타
TR01740,안녕하세요. 환불 영수증이나 증빙을 받을 수 있을까요? 회사 제출용이에요. 감사합니다.,환불
TR01741,문의드립니다. 회사 단체주문인데 한 건 잘못 들어가서 그 건만 취소 부탁드려요.,취소
TR01742,문의드립니다. 구성품 중 하나가 빠져서 왔는데 이 경우도 반품되나요? 확인 부탁드립니다.,반품
TR01743,수고 많으세요. 무통장입금 했는데 입금확인이 아직도 안 됐다고 나와요. 확인 부탁드립니다.,주문결제
TR01744,문의드립니다. 식기세척기에 넣고 돌려도 괜찮은 재질인가요? 확인 부탁드립니다.,상품정보
TR01745,수고 많으세요. 무통장으로 결제했는데 환불은 어느 계좌로 받게 되나요? 빠른 답변 부탁드려요.,환불
TR01746,문의드립니다. 환불 영수증이나 증빙을 받을 수 있을까요? 회사 제출용이에요. 빠른 답변 부탁드려요.,환불
TR01747,문의드립니다. 새벽배송 되는 지역인지 우편번호로 확인해 주실 수 있어요?,배송문의
TR01748,수고 많으세요. 기업 단체복으로 단체 주문하려는데 담당자 연락처 있나요?,기타
TR01749,안녕하세요. 배송이 너무 오래 걸려서 그냥 주문 자체를 취소하고 싶어요.,취소
TR01750,안녕하세요. 선물포장 서비스 되나요? 메시지 카드도 넣을 수 있어요? 감사합니다.,기타
TR01751,안녕하세요. 오늘 안에 출고되면 내일 도착하는 건가요? 감사합니다.,배송문의
TR01752,문의드립니다. 교환할 상품 회수는 언제 오고 새 상품은 언제 받을 수 있나요? 감사합니다.,교환
TR01753,배송지가 잘못돼서 그냥 취소하고 새로 주문하는 게 빠를까요? 확인 부탁드립니다.,취소
TR01754,수고 많으세요. 사이즈별 실측 정보가 어디에 나와 있나요? 빠른 답변 부탁드려요.,상품정보
TR01755,문의드립니다. 세금계산서 발행되나요? 결제할 때 사업자 정보 넣는 데가 없어요.,주문결제
TR01756,안녕하세요. 예전에 팔던 모델인데 재입고 가능성이 있을까요? 확인 부탁드립니다.,재입고
TR01757,문의드립니다. 결제만 하고 아직 아무 진행 없으면 위약금 없이 취소되죠? 확인 부탁드립니다.,취소
TR01758,배송 시작 전에 취소 부탁드려요. 급하게 처리해 주세요.,취소
TR01759,수고 많으세요. 골드 등급 되려면 얼마나 더 사야 하나요? 빠른 답변 부탁드려요.,회원멤버십
TR01760,문의드립니다. 주문한 것과 다른 상품이 와서 반품 신청하고 싶어요. 감사합니다.,반품
TR01761,"문의드립니다. 재입고되면 따로 연락 주시나요, 아니면 알림이 오나요? 감사합니다.",재입고
TR01762,문의드립니다. 구매한 상품으로 콘텐츠 만들어도 저작권 문제 없나요?,기타
TR01763,수고 많으세요. 한 번에 다 품절돼서 그러는데 보통 얼마 만에 다시 채워지나요?,재입고
TR01764,결제 금액이 장바구니 합계랑 다르게 청구됐어요. 확인 부탁해요. 감사합니다.,주문결제
TR01765,문의드립니다. 환불 영수증이나 증빙을 받을 수 있을까요? 회사 제출용이에요. 감사합니다.,환불
TR01766,등급은 언제 갱신되나요? 매달 초인가요?,회원멤버십
TR01767,안녕하세요. 세금계산서 발행도 가능한가요? 사업자로 구매하려고요. 감사합니다.,기타
TR01768,안녕하세요. 품절 임박이라고 떠 있는데 추가 입고 예정 있나요? 확인 부탁드립니다.,재입고
TR01769,문의드립니다. 이 색상만 계속 품절인데 다시 들어올 예정 있나요? 확인 부탁드립니다.,재입고
TR01770,작동이 안 되는 불량이라 반품하려는데 어떤 증빙이 필요한가요?,반품
TR01771,결제 취소하고 싶은데 어디서 하면 되나요? 확인 부탁드립니다.,취소
TR01772,문의드립니다. 생일 쿠폰 발급된다고 했는데 아직 안 들어왔어요. 감사합니다.,회원멤버십
TR01773,사이즈 하나만 품절인데 그것만 재입고 되나요?,재입고
TR01774,안녕하세요. 식기세척기에 넣고 돌려도 괜찮은 재질인가요? 감사합니다.,상품정보
TR01775,결제 수단을 카드에서 계좌이체로 바꾸고 싶은데 가능한가요? 빠른 답변 부탁드려요.,주문결제
TR01776,안녕하세요. 주문 넣은 거 취소할게요. 다른 상품으로 새로 주문하려고요. 빠른 답변 부탁드려요.,취소
TR01777,수고 많으세요. 색은 마음에 드는데 기장이 길어서 짧은 옵션으로 교환되나요? 감사합니다.,교환
TR01778,재입고 알림 여러 상품 걸어놨는데 한꺼번에 관리할 수 있나요? 빠른 답변 부탁드려요.,재입고
TR01779,수고 많으세요. 제주도인데 배송 며칠 걸려요? 도착 예정일 알려주세요.,배송문의
TR01780,문의드립니다. 지퍼가 고장 나서 같은 모델 정상품으로 교환 부탁드려요. 확인 부탁드립니다.,교환
TR01781,색은 마음에 드는데 기장이 길어서 짧은 옵션으로 교환되나요? 감사합니다.,교환
TR01782,문의드립니다. 반품한 상품 회수된 지 일주일 넘었는데 환불이 아직 안 됐어요. 확인 부탁드립니다.,환불
TR01783,색상이 모니터마다 다르게 보이던데 실제 톤이 어떤가요?,상품정보
TR01784,회원 등급별 혜택을 한눈에 볼 수 있는 페이지가 있나요? 빠른 답변 부탁드려요.,회원멤버십
TR01785,안녕하세요. 불량이라 같은 걸로 교환 원해요. 교환 배송비는 안 드는 거죠?,교환
TR01786,안녕하세요. 결제 취소하고 싶은데 어디서 하면 되나요?,취소
TR01787,문의드립니다. 무통장으로 결제했는데 환불은 어느 계좌로 받게 되나요? 확인 부탁드립니다.,환불
TR01788,안녕하세요. 이 가방에 13인치 노트북이 들어가는 크기인가요?,상품정보
TR01789,수고 많으세요. 상품이 마음에 안 들 것 같아서 받기 전에 미리 취소할게요.,취소
TR01790,안녕하세요. 반품한 상품 회수된 지 일주일 넘었는데 환불이 아직 안 됐어요.,환불
TR01791,은행 점검 시간이라 입금이 안 됐는데 주문이 취소될까 봐 걱정돼요.,주문결제
TR01792,문의드립니다. 배송 중에 파손돼서 왔어요. 동일 상품으로 교환해 주세요. 감사합니다.,교환
TR01793,문의드립니다. 개인정보 처리방침은 어디서 확인할 수 있나요?,기타
TR01794,안녕하세요. 결제 취소하고 싶은데 어디서 하면 되나요? 감사합니다.,취소
TR01795,결제할 때 입력한 배송메모가 사라졌는데 다시 등록되나요?,주문결제
TR01796,수고 많으세요. 할부로 결제하고 싶은데 몇 개월까지 무이자 되나요?,주문결제
TR01797,카드 할부로 샀는데 환불하면 할부도 자동으로 취소되나요? 확인 부탁드립니다.,환불
TR01798,결제하자마자 마음이 바뀌었어요. 주문 취소되나요?,취소
TR01799,배송지를 잘못 적었는데 출고 전이면 주소 바꿀 수 있나요? 빠른 답변 부탁드려요.,배송문의
TR01800,문의드립니다. 알러지가 있는데 소재에 라텍스나 금속 성분 들어가나요? 감사합니다.,상품정보
TR01801,안녕하세요. 쿠폰함에 있던 쿠폰이 사라졌는데 만료된 건가요?,회원멤버십
TR01802,문의드립니다. 결제하다가 오류 나서 두 번 눌렀는데 두 번 결제된 것 같아요.,주문결제
TR01803,"반품 회수 박스는 따로 준비해야 하나요, 원래 박스 쓰면 되나요? 감사합니다.",반품
TR01804,수고 많으세요. 반품 접수만 하면 알아서 회수 기사님이 오시는 거죠?,반품
TR01805,주문 넣은 거 취소할게요. 다른 상품으로 새로 주문하려고요. 빠른 답변 부탁드려요.,취소
TR01806,결제일이랑 환불일이 다른 달인데 카드값에 어떻게 반영돼요?,환불
TR01807,두께가 어느 정도예요? 겨울에 입어도 따뜻할까요? 빠른 답변 부탁드려요.,상품정보
TR01808,수고 많으세요. 단순 변심인데 반품 가능한가요? 배송비는 제가 부담하는 거죠? 확인 부탁드립니다.,반품
TR01809,구성품 중 하나가 빠져서 왔는데 이 경우도 반품되나요?,반품
TR01810,수고 많으세요. 도서산간 지역인데 추가 배송일이 얼마나 더 걸리나요? 감사합니다.,배송문의
TR01811,교환 신청하면 회수랑 재배송이 동시에 진행되나요?,교환
TR01812,15인치 노트북 백팩 언제 받을 수 있어요? 주말 전에 꼭 필요해서요. 확인 부탁드립니다.,배송문의
TR01813,"안녕하세요. 반품 회수 박스는 따로 준비해야 하나요, 원래 박스 쓰면 되나요? 감사합니다.",반품
TR01814,안녕하세요. 주말에도 배송되나요? 토요일에 받아야 해서요.,배송문의
TR01815,회원 등급이 강등됐는데 기준이 어떻게 되는 건가요? 감사합니다.,회원멤버십
TR01816,안녕하세요. 해외카드로도 결제가 되나요? 자꾸 승인 거절이 떠요. 감사합니다.,주문결제
TR01817,협업이나 입점 문의는 어디로 연락드리면 되나요?,기타
TR01818,수고 많으세요. 택은 안 뗐고 한 번도 안 입었어요. 반품 접수해 주세요.,반품
TR01819,안녕하세요. 발송 준비중이라고 떠도 지금 바로 취소 막아주실 수 있나요? 빠른 답변 부탁드려요.,취소
TR01820,문의드립니다. 해외카드로도 결제가 되나요? 자꾸 승인 거절이 떠요. 빠른 답변 부탁드려요.,주문결제
TR01821,문의드립니다. 기부 캠페인 참여하려면 어떻게 하면 되나요?,기타
TR01822,수고 많으세요. 보증 기간이 얼마이고 AS는 어디서 받나요? 확인 부탁드립니다.,상품정보
TR01823,수고 많으세요. 지금 출고됐나요? 빠른배송으로 받아볼 수 있는지 궁금해요. 빠른 답변 부탁드려요.,배송문의
TR01824,다음 입고 물량은 언제쯤 풀리는지 대략이라도 알 수 있을까요? 확인 부탁드립니다.,재입고
TR01825,수고 많으세요. 박음질이 터져 있어서 같은 상품으로 교환 요청합니다.,교환
TR01826,수고 많으세요. 첫 구매 할인 코드를 넣었는데 적용이 안 되네요. 만료된 건가요?,주문결제
TR01827,수고 많으세요. 구성품 중 하나가 빠져서 왔는데 이 경우도 반품되나요?,반품
TR01828,"같은 가격대 다른 모델로도 교환이 되나요, 아니면 동일상품만 되나요?",교환
TR01829,수고 많으세요. 카드 승인은 났는데 주문이 실패라고 떠요. 중복결제 된 건 아니죠? 확인 부탁드립니다.,주문결제
TR01830,같은 상품 다른 색상으로 교환도 되나요? 감사합니다.,교환
TR01831,안녕하세요. 알러지가 있는데 소재에 라텍스나 금속 성분 들어가나요? 감사합니다.,상품정보
TR01832,"반품하려는데 회수 기사님이 직접 오시는 건가요, 제가 보내야 하나요? 빠른 답변 부탁드려요.",반품
TR01833,이 화장품 성분에 향료가 들어 있나요? 민감성 피부라서요.,상품정보
TR01834,문의드립니다. 분명 어제 발송됐다는데 송장 추적이 아직도 집화처리에 멈춰 있어요.,배송문의
TR01835,수고 많으세요. 오늘 안에 출고되면 내일 도착하는 건가요? 확인 부탁드립니다.,배송문의
TR01836,휴면계정으로 전환됐다는데 다시 활성화하려면 어떻게 하나요? 확인 부탁드립니다.,회원멤버십
TR01837,안녕하세요. 카드 할부로 샀는데 환불하면 할부도 자동으로 취소되나요? 확인 부탁드립니다.,환불
TR01838,수고 많으세요. 가지고 있는 쿠폰이 결제창에서 적용이 안 돼요. 왜 그럴까요? 빠른 답변 부탁드려요.,주문결제
TR01839,수고 많으세요. 기프트카드로 산 건데 환불도 기프트카드로만 되나요? 확인 부탁드립니다.,환불
TR01840,문의드립니다. 결제 수단을 카드에서 계좌이체로 바꾸고 싶은데 가능한가요? 감사합니다.,주문결제
TR01841,문의드립니다. 지금 취소 누르면 적립금이랑 쿠폰은 다시 복구되나요? 빠른 답변 부탁드려요.,취소
TR01842,수고 많으세요. 결제 취소 요청한 금액이 일부만 환불됐어요. 나머지는요? 감사합니다.,환불
TR01843,보증 기간이 얼마이고 AS는 어디서 받나요?,상품정보
TR01844,수고 많으세요. 이번 달에 등급이 올랐는데 추가 할인 혜택은 어떻게 적용돼요? 빠른 답변 부탁드려요.,회원멤버십
TR01845,수고 많으세요. 인덕션에서도 사용 가능한가요? 가스레인지 전용인가요?,상품정보
TR01846,문의드립니다. 예약구매로 결제했는데 언제 실제로 청구되나요? 감사합니다.,주문결제
TR01847,안녕하세요. 취소 처리는 됐다는데 결제 금액 환불은 언제 들어오나요? 빠른 답변 부탁드려요.,환불
TR01848,수고 많으세요. 전압이 220V 맞나요? 해외에서도 쓸 수 있는지 궁금해요. 확인 부탁드립니다.,상품정보
TR01849,S로 받았는데 M으로 교환 가능할까요? 추가 비용 있나요? 빠른 답변 부탁드려요.,교환
TR01850,안녕하세요. 출고 전이라고 안내받았는데 취소 접수 좀 서둘러 주세요. 감사합니다.,취소
TR01851,구성품 중 하나가 빠져서 왔는데 이 경우도 반품되나요? 확인 부탁드립니다.,반품
TR01852,안녕하세요. 방수 나일론 토트백 사이즈만 바꾸고 싶어요. 교환 신청할게요.,교환
TR01853,안녕하세요. 택은 안 뗐고 한 번도 안 입었어요. 반품 접수해 주세요. 확인 부탁드립니다.,반품
TR01854,안녕하세요. 무통장입금 가상계좌 입금기한이 지났는데 재발급 가능해요? 감사합니다.,주문결제
TR01855,수고 많으세요. 광고 문자 수신 거부하고 싶은데 어떻게 하나요?,기타
TR01856,문의드립니다. 결제하자마자 마음이 바뀌었어요. 주문 취소되나요? 빠른 답변 부탁드려요.,취소
TR01857,안녕하세요. 선물할 거라 더 큰 사이즈로 교환하고 싶은데 가능할까요?,교환
TR01858,수고 많으세요. 회원 탈퇴하면 적립금은 어떻게 되나요?,회원멤버십
TR01859,"문의드립니다. 같은 가격대 다른 모델로도 교환이 되나요, 아니면 동일상품만 되나요?",교환
TR01860,수고 많으세요. 결제 금액이 장바구니 합계랑 다르게 청구됐어요. 확인 부탁해요. 감사합니다.,주문결제
TR01861,주문 두 건인데 같이 묶어서 한 번에 보내주실 수 있어요? 감사합니다.,배송문의
TR01862,문의드립니다. 배송지를 잘못 적었는데 출고 전이면 주소 바꿀 수 있나요?,배송문의
TR01863,문의드립니다. 색상이 화면이랑 너무 달라서 반품할게요. 빠른 답변 부탁드려요.,반품
TR01864,수고 많으세요. 작동이 안 되는 불량이라 반품하려는데 어떤 증빙이 필요한가요?,반품
TR01865,문의드립니다. 신발 좌우 사이즈가 달라서 정상 제품으로 교환하고 싶어요.,교환
TR01866,안녕하세요. 받은 지 일주일 됐는데 아직 반품 신청 기간 안 지났죠? 확인 부탁드립니다.,반품
TR01867,무통장으로 결제했는데 환불은 어느 계좌로 받게 되나요? 확인 부탁드립니다.,환불
TR01868,안녕하세요. 환불은 됐다는데 부분 금액만 들어와서 나머지가 궁금해요.,환불
TR01869,안녕하세요. 인플루언서 협찬 문의는 어느 부서로 해야 하나요? 확인 부탁드립니다.,기타
TR01870,결제 금액이 장바구니 합계랑 다르게 청구됐어요. 확인 부탁해요.,주문결제
TR01871,신발 좌우 사이즈가 달라서 정상 제품으로 교환하고 싶어요. 확인 부탁드립니다.,교환
TR01872,수고 많으세요. 개인정보 처리방침은 어디서 확인할 수 있나요? 확인 부탁드립니다.,기타
TR01873,안녕하세요. 예약구매로 결제했는데 언제 실제로 청구되나요? 감사합니다.,주문결제
TR01874,안녕하세요. 데일리 가죽 벨트 언제 받을 수 있어요? 주말 전에 꼭 필요해서요.,배송문의
TR01875,주문서에서 수량을 잘못 넣어 결제됐어요. 금액 정정이 되나요? 확인 부탁드립니다.,주문결제
TR01876,수고 많으세요. 아이디가 기억이 안 나는데 찾을 수 있을까요? 빠른 답변 부탁드려요.,회원멤버십
TR01877,휴대폰 소액결제 한도가 초과됐다는데 다른 방법은 없나요? 빠른 답변 부탁드려요.,주문결제
TR01878,문의드립니다. 환불 영수증이나 증빙을 받을 수 있을까요? 회사 제출용이에요. 확인 부탁드립니다.,환불
TR01879,안녕하세요. 두 개 샀는데 그중 하나만 반품하고 싶어요. 부분 반품 되나요? 빠른 답변 부탁드려요.,반품
TR01880,안녕하세요. 적립금하고 쿠폰을 같은 주문에 둘 다 쓸 수 있나요? 감사합니다.,회원멤버십
TR01881,회원 등급이 강등됐는데 기준이 어떻게 되는 건가요?,회원멤버십
TR01882,문의드립니다. 협업이나 입점 문의는 어디로 연락드리면 되나요? 확인 부탁드립니다.,기타
TR01883,"세탁기로 돌려도 되나요, 손세탁만 해야 하나요? 확인 부탁드립니다.",상품정보
TR01884,문의드립니다. 교환할 상품 회수는 언제 오고 새 상품은 언제 받을 수 있나요? 확인 부탁드립니다.,교환
TR01885,수고 많으세요. 엘리베이터 공사 중이라 1층에 두고 가시라고 메모 남길 수 있나요? 빠른 답변 부탁드려요.,배송문의
TR01886,방금 주문했는데 아직 발송 전이면 전체 취소하고 싶어요.,취소
TR01887,수고 많으세요. 다른 색으로 바꾸고 싶은데 그 색이 더 비싸면 차액만 내면 되나요? 빠른 답변 부탁드려요.,교환
TR01888,문의드립니다. 주문번호로 실시간 배송 위치 확인할 수 있는 링크 있을까요? 확인 부탁드립니다.,배송문의
TR01889,문의드립니다. 이 제품 KC 인증 받은 정품 맞나요? 빠른 답변 부탁드려요.,상품정보
TR01890,문의드립니다. 같은 상품 다른 색상으로 교환도 되나요? 빠른 답변 부탁드려요.,교환
TR01891,기업 단체복으로 단체 주문하려는데 담당자 연락처 있나요? 빠른 답변 부탁드려요.,기타
TR01892,문의드립니다. 친구 추천 코드는 어디에 입력하고 혜택은 뭔가요? 빠른 답변 부탁드려요.,회원멤버십
TR01893,문의드립니다. 건조기에 돌려도 줄어들지 않나요? 빠른 답변 부탁드려요.,상품정보
TR01894,문의드립니다. 분명 어제 발송됐다는데 송장 추적이 아직도 집화처리에 멈춰 있어요. 빠른 답변 부탁드려요.,배송문의
TR01895,문의드립니다. 배송완료라고 뜨는데 문 앞에 물건이 없어요. 분실된 것 같아요.,배송문의
TR01896,수고 많으세요. 배송 시작 전에 취소 부탁드려요. 급하게 처리해 주세요. 빠른 답변 부탁드려요.,취소
TR01897,예전에 팔던 모델인데 재입고 가능성이 있을까요?,재입고
TR01898,오프라인 매장도 있나요? 직접 보고 사고 싶어서요.,기타
TR01899,안녕하세요. 방수 되는 제품인가요? 야외에서 써도 괜찮을까요? 빠른 답변 부탁드려요.,상품정보
TR01900,문의드립니다. 이 가방에 13인치 노트북이 들어가는 크기인가요? 확인 부탁드립니다.,상품정보
TR01901,문의드립니다. 전압이 220V 맞나요? 해외에서도 쓸 수 있는지 궁금해요.,상품정보
TR01902,수고 많으세요. 본인인증이 자꾸 실패하는데 다른 방법으로 인증할 수 있나요? 확인 부탁드립니다.,회원멤버십
TR01903,박음질이 터져 있어서 같은 상품으로 교환 요청합니다. 빠른 답변 부탁드려요.,교환
TR01904,수고 많으세요. 앱에서 다크모드는 어떻게 설정하나요?,기타
TR01905,문의드립니다. 무통장입금 했는데 입금확인이 아직도 안 됐다고 나와요. 감사합니다.,주문결제
TR01906,문의드립니다. 카드 승인은 났는데 주문이 실패라고 떠요. 중복결제 된 건 아니죠?,주문결제
TR01907,안녕하세요. 반품 말고 그냥 맞는 사이즈로 바꾸기만 하고 싶어요. 감사합니다.,교환
TR01908,문의드립니다. 두께가 어느 정도예요? 겨울에 입어도 따뜻할까요? 확인 부탁드립니다.,상품정보
TR01909,문의드립니다. 결제하자마자 마음이 바뀌었어요. 주문 취소되나요?,취소
TR01910,수고 많으세요. 광고 문자 수신 거부하고 싶은데 어떻게 하나요? 확인 부탁드립니다.,기타
TR01911,문의드립니다. 이 화장품 성분에 향료가 들어 있나요? 민감성 피부라서요. 감사합니다.,상품정보
TR01912,반품 말고 그냥 맞는 사이즈로 바꾸기만 하고 싶어요. 빠른 답변 부탁드려요.,교환
TR01913,안녕하세요. 이 화장품 성분에 향료가 들어 있나요? 민감성 피부라서요. 확인 부탁드립니다.,상품정보
TR01914,문의드립니다. 쿠폰 잘못 써서 취소하고 다시 제대로 적용해서 주문할게요. 감사합니다.,취소
TR01915,수고 많으세요. 받는 사람 이름을 다르게 적었는데 그대로 배송되나요?,배송문의
TR01916,안녕하세요. 데일리 가죽 벨트 품절이던데 재입고 계획 있는지 궁금해요. 확인 부탁드립니다.,재입고
TR01917,문의드립니다. 결제만 하고 아직 아무 진행 없으면 위약금 없이 취소되죠? 빠른 답변 부탁드려요.,취소
TR01918,문의드립니다. 전압이 220V 맞나요? 해외에서도 쓸 수 있는지 궁금해요. 감사합니다.,상품정보
TR01919,수고 많으세요. 현금영수증 발급된 건인데 환불하면 그것도 취소되나요?,환불
TR01920,안녕하세요. 결제일이랑 환불일이 다른 달인데 카드값에 어떻게 반영돼요?,환불
TR01921,안녕하세요. 지금 출고됐나요? 빠른배송으로 받아볼 수 있는지 궁금해요.,배송문의
TR01922,안녕하세요. 고객센터 운영 시간이 어떻게 되나요? 주말에도 상담되나요?,기타
TR01923,안녕하세요. 새벽배송 되는 지역인지 우편번호로 확인해 주실 수 있어요? 확인 부탁드립니다.,배송문의
TR01924,사진이랑 실물 품질 차이가 너무 커서 반품 신청합니다. 빠른 답변 부탁드려요.,반품
TR01925,문의드립니다. 버튼이 하나 빠져 있어서 새것으로 교환 요청드려요.,교환
TR01926,안녕하세요. 기업 단체복으로 단체 주문하려는데 담당자 연락처 있나요? 확인 부탁드립니다.,기타
TR01927,문의드립니다. 두 번에 나눠서 받기로 했는데 나머지 상품은 언제 출발해요? 감사합니다.,배송문의
TR01928,수고 많으세요. 포인트가 분명 있는데 결제할 때 사용 가능 금액이 0으로 떠요. 감사합니다.,주문결제
TR01929,안녕하세요. 결제하다가 오류 나서 두 번 눌렀는데 두 번 결제된 것 같아요. 빠른 답변 부탁드려요.,주문결제
TR01930,수고 많으세요. 로그인하면 자꾸 다른 사람 정보가 떠요. 계정이 섞인 것 같아요. 확인 부탁드립니다.,회원멤버십
TR01931,수고 많으세요. 적립금하고 쿠폰을 같은 주문에 둘 다 쓸 수 있나요?,회원멤버십
TR01932,수고 많으세요. 오프라인 매장도 있나요? 직접 보고 사고 싶어서요. 빠른 답변 부탁드려요.,기타
TR01933,안녕하세요. 상품이 마음에 안 들 것 같아서 받기 전에 미리 취소할게요. 감사합니다.,취소
TR01934,안녕하세요. 배송 중에 파손돼서 왔어요. 동일 상품으로 교환해 주세요. 확인 부탁드립니다.,교환
TR01935,두께가 어느 정도예요? 겨울에 입어도 따뜻할까요?,상품정보
TR01936,문의드립니다. 이 화장품 성분에 향료가 들어 있나요? 민감성 피부라서요.,상품정보
TR01937,안녕하세요. 전압이 220V 맞나요? 해외에서도 쓸 수 있는지 궁금해요. 확인 부탁드립니다.,상품정보
TR01938,배송 중에 파손돼서 왔어요. 동일 상품으로 교환해 주세요.,교환
TR01939,문의드립니다. 배송완료라고 뜨는데 문 앞에 물건이 없어요. 분실된 것 같아요. 확인 부탁드립니다.,배송문의
TR01940,아직 상품 준비중이던데 지금 취소하면 바로 되나요? 빠른 답변 부탁드려요.,취소
TR01941,수고 많으세요. 특정 옵션만 빠르게 다시 들어오는 편인지 궁금해요.,재입고
TR01942,안녕하세요. 이 제품 KC 인증 받은 정품 맞나요? 빠른 답변 부탁드려요.,상품정보
TR01943,문의드립니다. 택은 안 뗐고 한 번도 안 입었어요. 반품 접수해 주세요. 감사합니다.,반품
TR01944,안녕하세요. 취소 처리는 됐다는데 결제 금액 환불은 언제 들어오나요? 확인 부탁드립니다.,환불
TR01945,수고 많으세요. 색상이 화면이랑 너무 달라서 반품할게요. 감사합니다.,반품
TR01946,데일리 미니 크로스백 언제 받을 수 있어요? 주말 전에 꼭 필요해서요.,배송문의
TR01947,이 모델 무게가 얼마나 나가나요? 들고 다니기 무겁지 않을까요? 감사합니다.,상품정보
TR01948,배송지를 잘못 적었는데 출고 전이면 주소 바꿀 수 있나요? 확인 부탁드립니다.,배송문의
TR01949,"문의드립니다. 같은 가격대 다른 모델로도 교환이 되나요, 아니면 동일상품만 되나요? 확인 부탁드립니다.",교환
TR01950,"안녕하세요. 반품하려는데 회수 기사님이 직접 오시는 건가요, 제가 보내야 하나요? 감사합니다.",반품
TR01951,카드 승인은 났는데 주문이 실패라고 떠요. 중복결제 된 건 아니죠? 빠른 답변 부탁드려요.,주문결제
TR01952,수고 많으세요. 현관 앞 말고 택배함에 넣어달라고 요청할 수 있나요? 빠른 답변 부탁드려요.,배송문의
TR01953,한 번 신어봤는데 사이즈가 영 아니라 반품하려고요. 감사합니다.,반품
TR01954,필터는 어디서 따로 구매하나요? 교체 주기는 얼마예요? 감사합니다.,상품정보
TR01955,이 신발 발볼 넓은 편인가요? 평소 발볼 넓은데요.,상품정보
TR01956,택배 박스가 찌그러져서 왔는데 안에 내용물은 괜찮을지 걱정돼요.,배송문의
TR01957,안녕하세요. 발송 준비중이라고 떠도 지금 바로 취소 막아주실 수 있나요? 감사합니다.,취소
TR01958,이메일 수신 동의를 바꾸고 싶은데 어디서 설정하나요? 확인 부탁드립니다.,회원멤버십
TR01959,광고 문자 수신 거부하고 싶은데 어떻게 하나요? 빠른 답변 부탁드려요.,기타
TR01960,쿠폰함에 있던 쿠폰이 사라졌는데 만료된 건가요?,회원멤버십
TR01961,할인 적용 전 금액으로 결제됐어요. 차액 어떻게 되나요? 빠른 답변 부탁드려요.,주문결제
TR01962,안녕하세요. 방금 주문했는데 아직 발송 전이면 전체 취소하고 싶어요. 감사합니다.,취소
TR01963,"수고 많으세요. 같은 가격대 다른 모델로도 교환이 되나요, 아니면 동일상품만 되나요? 감사합니다.",교환
TR01964,수고 많으세요. 작동이 안 되는 불량이라 반품하려는데 어떤 증빙이 필요한가요? 빠른 답변 부탁드려요.,반품
TR01965,결제 취소 요청한 금액이 일부만 환불됐어요. 나머지는요? 감사합니다.,환불
TR01966,문의드립니다. 작동이 안 되는 불량이라 반품하려는데 어떤 증빙이 필요한가요? 빠른 답변 부탁드려요.,반품
TR01967,안녕하세요. 엘리베이터 공사 중이라 1층에 두고 가시라고 메모 남길 수 있나요? 빠른 답변 부탁드려요.,배송문의
TR01968,회원정보에 주소를 여러 개 저장해둘 수 있나요?,회원멤버십
TR01969,수고 많으세요. 끈 길이 조절이 되나요? 키 작은 아이가 메도 괜찮을까요? 빠른 답변 부탁드려요.,상품정보
TR01970,도서산간 지역인데 추가 배송일이 얼마나 더 걸리나요? 감사합니다.,배송문의
TR01971,문의드립니다. 이 제품 KC 인증 받은 정품 맞나요?,상품정보
TR01972,문의드립니다. 유통기한이 임박한 게 와서 반품하고 싶은데 가능할까요? 빠른 답변 부탁드려요.,반품
TR01973,문의드립니다. 가입할 때 받은 웰컴 쿠폰이 안 보이는데 확인해 주세요.,회원멤버십
TR01974,반품 접수만 하면 알아서 회수 기사님이 오시는 거죠? 빠른 답변 부탁드려요.,반품
TR01975,수고 많으세요. 교환할 상품 회수는 언제 오고 새 상품은 언제 받을 수 있나요? 감사합니다.,교환
TR01976,환불 영수증이나 증빙을 받을 수 있을까요? 회사 제출용이에요. 확인 부탁드립니다.,환불
TR01977,무통장입금 가상계좌 입금기한이 지났는데 재발급 가능해요?,주문결제
TR01978,구매한 상품으로 콘텐츠 만들어도 저작권 문제 없나요?,기타
TR01979,수고 많으세요. 환불 처리 상태를 어디서 확인할 수 있나요? 확인 부탁드립니다.,환불
TR01980,수고 많으세요. 다른 색으로 바꾸고 싶은데 그 색이 더 비싸면 차액만 내면 되나요? 감사합니다.,교환
TR01981,"수고 많으세요. 같은 가격대 다른 모델로도 교환이 되나요, 아니면 동일상품만 되나요?",교환
TR01982,문의드립니다. 두 개 샀는데 그중 하나만 반품하고 싶어요. 부분 반품 되나요? 감사합니다.,반품
TR01983,문의드립니다. 비밀번호가 기억이 안 나서 로그인을 못 하겠어요. 확인 부탁드립니다.,회원멤버십
TR01984,첫 구매 할인 코드를 넣었는데 적용이 안 되네요. 만료된 건가요? 확인 부탁드립니다.,주문결제
TR01985,수고 많으세요. 박음질이 터져 있어서 같은 상품으로 교환 요청합니다. 감사합니다.,교환
TR01986,문의드립니다. 이 신발 발볼 넓은 편인가요? 평소 발볼 넓은데요. 감사합니다.,상품정보
TR01987,아직 상품 준비중이던데 지금 취소하면 바로 되나요? 감사합니다.,취소
TR01988,안녕하세요. 비밀번호가 기억이 안 나서 로그인을 못 하겠어요.,회원멤버십
TR01989,안녕하세요. 받는 사람 이름을 다르게 적었는데 그대로 배송되나요? 확인 부탁드립니다.,배송문의
TR01990,"문의드립니다. 취소한 주문 환불이 자동으로 되는 건가요, 따로 신청해야 하나요? 확인 부탁드립니다.",환불
TR01991,수고 많으세요. 장바구니에 잘못 담긴 게 결제돼서 바로 취소하려고요. 감사합니다.,취소
TR01992,취소 처리는 됐다는데 결제 금액 환불은 언제 들어오나요? 확인 부탁드립니다.,환불
TR01993,수고 많으세요. 도서산간 지역인데 추가 배송일이 얼마나 더 걸리나요? 확인 부탁드립니다.,배송문의
TR01994,문의드립니다. 지금 출고됐나요? 빠른배송으로 받아볼 수 있는지 궁금해요. 빠른 답변 부탁드려요.,배송문의
TR01995,문의드립니다. 간편결제로 했는데 승인 문자만 오고 주문은 안 들어갔어요. 확인 부탁드립니다.,주문결제
TR01996,안녕하세요. 카드사 사정으로 환불이 늦어진다는데 보통 며칠 더 걸리나요?,환불
TR01997,문의드립니다. 장바구니에서 결제하려는데 자꾸 오류 페이지로 넘어가요. 확인 부탁드립니다.,주문결제
TR01998,선물포장 서비스 되나요? 메시지 카드도 넣을 수 있어요? 감사합니다.,기타
TR01999,가입할 때 받은 웰컴 쿠폰이 안 보이는데 확인해 주세요.,회원멤버십
TR02000,새벽배송 되는 지역인지 우편번호로 확인해 주실 수 있어요?,배송문의
TR02001,받은 지 일주일 됐는데 아직 반품 신청 기간 안 지났죠? 빠른 답변 부탁드려요.,반품
TR02002,수고 많으세요. 유통기한이 임박한 게 와서 반품하고 싶은데 가능할까요?,반품
TR02003,수고 많으세요. 회사로 배송지 바꾸고 싶은데 이미 상품 준비중이면 안 되나요? 빠른 답변 부탁드려요.,배송문의
TR02004,문의드립니다. 고객센터 운영 시간이 어떻게 되나요? 주말에도 상담되나요? 감사합니다.,기타
TR02005,방금 주문했는데 아직 발송 전이면 전체 취소하고 싶어요. 감사합니다.,취소
TR02006,수고 많으세요. 한 번 신어봤는데 사이즈가 영 아니라 반품하려고요.,반품
TR02007,문의드립니다. 끈 길이 조절이 되나요? 키 작은 아이가 메도 괜찮을까요?,상품정보
TR02008,수고 많으세요. 기프트카드로 산 건데 환불도 기프트카드로만 되나요?,환불
TR02009,수고 많으세요. 키 170인데 이 바지 기장이 어느 정도 올까요? 감사합니다.,상품정보
TR02010,수고 많으세요. 적립금하고 쿠폰을 같은 주문에 둘 다 쓸 수 있나요? 빠른 답변 부탁드려요.,회원멤버십
TR02011,반품 말고 그냥 맞는 사이즈로 바꾸기만 하고 싶어요.,교환
TR02012,수고 많으세요. 재입고되면 가격이 오르나요? 지금이랑 같은 가격일까요?,재입고
TR02013,새벽배송 되는 지역인지 우편번호로 확인해 주실 수 있어요? 감사합니다.,배송문의
TR02014,안녕하세요. 쿠폰 할인받고 샀는데 환불 금액에 그게 어떻게 반영되나요? 감사합니다.,환불
TR02015,재입고되면 가격이 오르나요? 지금이랑 같은 가격일까요?,재입고
TR02016,"반품 회수 박스는 따로 준비해야 하나요, 원래 박스 쓰면 되나요? 빠른 답변 부탁드려요.",반품
TR02017,문의드립니다. 인플루언서 협찬 문의는 어느 부서로 해야 하나요? 빠른 답변 부탁드려요.,기타
TR02018,안녕하세요. 할인 적용 전 금액으로 결제됐어요. 차액 어떻게 되나요? 확인 부탁드립니다.,주문결제
TR02019,수고 많으세요. 주문할 때 부재중이라 편의점 픽업으로 바꿀 수 있나요? 확인 부탁드립니다.,배송문의
TR02020,지금 취소 누르면 적립금이랑 쿠폰은 다시 복구되나요?,취소
TR02021,문의드립니다. 택은 안 뗐고 한 번도 안 입었어요. 반품 접수해 주세요.,반품
TR02022,수고 많으세요. 이 운동화 쿠션감이 좋은 편인가요? 오래 걸어도 편한지요.,상품정보
TR02023,"수고 많으세요. 반품하려는데 회수 기사님이 직접 오시는 건가요, 제가 보내야 하나요? 빠른 답변 부탁드려요.",반품
TR02024,안녕하세요. 골드 등급 되려면 얼마나 더 사야 하나요? 확인 부탁드립니다.,회원멤버십
TR02025,안녕하세요. 색상이 모니터마다 다르게 보이던데 실제 톤이 어떤가요? 감사합니다.,상품정보
TR02026,문의드립니다. 사이즈를 잘못 골라서 일단 취소하고 다시 주문할게요.,취소
TR02027,문의드립니다. 앱에서 다크모드는 어떻게 설정하나요?,기타
TR02028,단순 변심 반품인데 반품 배송비가 얼마나 차감되나요? 감사합니다.,반품
TR02029,새벽배송 되는 지역인지 우편번호로 확인해 주실 수 있어요? 빠른 답변 부탁드려요.,배송문의
TR02030,포인트가 분명 있는데 결제할 때 사용 가능 금액이 0으로 떠요. 확인 부탁드립니다.,주문결제
TR02031,수고 많으세요. 인플루언서 협찬 문의는 어느 부서로 해야 하나요? 빠른 답변 부탁드려요.,기타
TR02032,수고 많으세요. 회사로 배송지 바꾸고 싶은데 이미 상품 준비중이면 안 되나요?,배송문의
TR02033,안녕하세요. 배송 출발하면 문자로 알림 받을 수 있나요? 감사합니다.,배송문의
TR02034,안녕하세요. 주문한 것과 다른 상품이 와서 반품 신청하고 싶어요.,반품
TR02035,수고 많으세요. 공동현관 비밀번호를 배송메모에 적었는데 기사님께 전달되나요? 감사합니다.,배송문의
TR02036,안녕하세요. 휴대폰 소액결제 한도가 초과됐다는데 다른 방법은 없나요? 감사합니다.,주문결제
TR02037,안녕하세요. 재입고되면 가격이 오르나요? 지금이랑 같은 가격일까요? 확인 부탁드립니다.,재입고
TR02038,안녕하세요. 현금영수증 신청을 깜빡했는데 사후 발급 가능한가요? 빠른 답변 부탁드려요.,주문결제
TR02039,수고 많으세요. 아직 상품 준비중이던데 지금 취소하면 바로 되나요?,취소
TR02040,문의드립니다. 주문 직후인데 결제 취소 처리하면 카드 승인도 같이 취소되나요? 감사합니다.,취소
TR02041,수고 많으세요. 받아보니 생각보다 커서 반품하고 싶어요. 어떻게 신청하나요?,반품
TR02042,수고 많으세요. 어제 결제했는데 아직 배송 시작도 안 했어요. 송장번호 언제 나오나요? 빠른 답변 부탁드려요.,배송문의
TR02043,안녕하세요. 발송 준비중이라고 떠도 지금 바로 취소 막아주실 수 있나요?,취소
TR02044,냄새가 너무 심해서 못 쓰겠어요. 반품 처리해 주세요.,반품
TR02045,다른 색으로 바꾸고 싶은데 그 색이 더 비싸면 차액만 내면 되나요?,교환
TR02046,안녕하세요. 두 번에 나눠서 받기로 했는데 나머지 상품은 언제 출발해요? 확인 부탁드립니다.,배송문의
TR02047,해외카드로도 결제가 되나요? 자꾸 승인 거절이 떠요. 빠른 답변 부탁드려요.,주문결제
TR02048,안녕하세요. 같은 상품 다른 색상으로 교환도 되나요? 감사합니다.,교환
TR02049,수고 많으세요. 환불은 됐다는데 부분 금액만 들어와서 나머지가 궁금해요. 빠른 답변 부탁드려요.,환불
TR02050,수고 많으세요. 발송 준비중이라고 떠도 지금 바로 취소 막아주실 수 있나요? 빠른 답변 부탁드려요.,취소
TR02051,문의드립니다. 골드 등급 되려면 얼마나 더 사야 하나요?,회원멤버십
TR02052,수고 많으세요. 반품한 상품 회수된 지 일주일 넘었는데 환불이 아직 안 됐어요. 빠른 답변 부탁드려요.,환불
TR02053,수고 많으세요. 결제할 때 입력한 배송메모가 사라졌는데 다시 등록되나요?,주문결제
TR02054,환불 처리됐다고 문자 왔는데 통장에 아직 안 들어왔어요. 빠른 답변 부탁드려요.,환불
TR02055,문의드립니다. 배송 추적상 다른 동네로 가 있는 것 같은데 오배송 아닌가요?,배송문의
TR02056,색상이 화면이랑 너무 달라서 반품할게요. 확인 부탁드립니다.,반품
TR02057,반품 접수만 하면 알아서 회수 기사님이 오시는 거죠? 감사합니다.,반품
TR02058,수고 많으세요. 포인트가 분명 있는데 결제할 때 사용 가능 금액이 0으로 떠요. 빠른 답변 부탁드려요.,주문결제
TR02059,문의드립니다. 탈퇴했다가 다시 가입하면 예전 등급이 유지되나요?,회원멤버십
TR02060,"문의드립니다. 반품 회수 박스는 따로 준비해야 하나요, 원래 박스 쓰면 되나요? 감사합니다.",반품
TR02061,택배 박스가 찌그러져서 왔는데 안에 내용물은 괜찮을지 걱정돼요. 빠른 답변 부탁드려요.,배송문의
TR02062,안녕하세요. 인기 상품이라 그런지 늘 없네요. 재입고 주기가 어떻게 되나요? 빠른 답변 부탁드려요.,재입고
TR02063,수고 많으세요. 간편결제로 했는데 승인 문자만 오고 주문은 안 들어갔어요. 감사합니다.,주문결제
TR02064,안녕하세요. 신발 좌우 사이즈가 달라서 정상 제품으로 교환하고 싶어요. 감사합니다.,교환
TR02065,문의드립니다. 회원정보에 주소를 여러 개 저장해둘 수 있나요? 빠른 답변 부탁드려요.,회원멤버십
TR02066,문의드립니다. 현금영수증 신청을 깜빡했는데 사후 발급 가능한가요? 감사합니다.,주문결제
TR02067,안녕하세요. 키 170인데 이 바지 기장이 어느 정도 올까요?,상품정보
TR02068,안녕하세요. 공동현관 비밀번호를 배송메모에 적었는데 기사님께 전달되나요? 빠른 답변 부탁드려요.,배송문의
TR02069,쿠폰 잘못 써서 취소하고 다시 제대로 적용해서 주문할게요.,취소
TR02070,수고 많으세요. 키 170인데 이 바지 기장이 어느 정도 올까요? 확인 부탁드립니다.,상품정보
TR02071,지금 출고됐나요? 빠른배송으로 받아볼 수 있는지 궁금해요. 빠른 답변 부탁드려요.,배송문의
TR02072,"반품 회수 박스는 따로 준비해야 하나요, 원래 박스 쓰면 되나요? 확인 부탁드립니다.",반품
TR02073,수고 많으세요. 비밀번호가 기억이 안 나서 로그인을 못 하겠어요. 빠른 답변 부탁드려요.,회원멤버십
TR02074,안녕하세요. 기프트카드로 산 건데 환불도 기프트카드로만 되나요? 확인 부탁드립니다.,환불
TR02075,안녕하세요. 필터는 어디서 따로 구매하나요? 교체 주기는 얼마예요?,상품정보
TR02076,이 화장품 성분에 향료가 들어 있나요? 민감성 피부라서요. 감사합니다.,상품정보
TR02077,문의드립니다. 색은 마음에 드는데 기장이 길어서 짧은 옵션으로 교환되나요? 빠른 답변 부탁드려요.,교환
TR02078,문의드립니다. 배송 추적상 다른 동네로 가 있는 것 같은데 오배송 아닌가요? 확인 부탁드립니다.,배송문의
TR02079,해외카드로도 결제가 되나요? 자꾸 승인 거절이 떠요.,주문결제
TR02080,친구 추천 코드는 어디에 입력하고 혜택은 뭔가요?,회원멤버십
TR02081,한 번 신어봤는데 사이즈가 영 아니라 반품하려고요. 빠른 답변 부탁드려요.,반품
TR02082,안녕하세요. 선물포장 서비스 되나요? 메시지 카드도 넣을 수 있어요?,기타
TR02083,문의드립니다. 같은 상품 다른 색상으로 교환도 되나요?,교환
TR02084,문의드립니다. 주문 넣은 거 취소할게요. 다른 상품으로 새로 주문하려고요. 확인 부탁드립니다.,취소
TR02085,환불 계좌를 바꾸고 싶은데 어떻게 하나요? 확인 부탁드립니다.,환불
TR02086,안녕하세요. 할인 적용 전 금액으로 결제됐어요. 차액 어떻게 되나요? 감사합니다.,주문결제
TR02087,상품이 마음에 안 들 것 같아서 받기 전에 미리 취소할게요. 확인 부탁드립니다.,취소
TR02088,문의드립니다. 방금 주문했는데 아직 발송 전이면 전체 취소하고 싶어요.,취소
TR02089,수고 많으세요. 지금 출고됐나요? 빠른배송으로 받아볼 수 있는지 궁금해요. 확인 부탁드립니다.,배송문의
TR02090,수고 많으세요. 한 번에 다 품절돼서 그러는데 보통 얼마 만에 다시 채워지나요? 빠른 답변 부탁드려요.,재입고
TR02091,결제 수단을 카드에서 계좌이체로 바꾸고 싶은데 가능한가요?,주문결제
TR02092,한 번 신어봤는데 사이즈가 영 아니라 반품하려고요.,반품
TR02093,수고 많으세요. 전에 쓰던 제품이랑 호환되는 규격인지 확인하고 싶어요.,상품정보
TR02094,출고 전이라고 안내받았는데 취소 접수 좀 서둘러 주세요.,취소
TR02095,안녕하세요. 전에 쓰던 제품이랑 호환되는 규격인지 확인하고 싶어요. 감사합니다.,상품정보
TR02096,문의드립니다. 광고 문자 수신 거부하고 싶은데 어떻게 하나요? 빠른 답변 부탁드려요.,기타
TR02097,문의드립니다. 주문 두 건인데 같이 묶어서 한 번에 보내주실 수 있어요? 빠른 답변 부탁드려요.,배송문의
TR02098,수고 많으세요. 리뷰 이벤트 당첨자 발표는 언제 어디서 확인하나요?,기타
TR02099,택은 안 뗐고 한 번도 안 입었어요. 반품 접수해 주세요. 빠른 답변 부탁드려요.,반품
TR02100,안녕하세요. 은행 점검 시간이라 입금이 안 됐는데 주문이 취소될까 봐 걱정돼요. 확인 부탁드립니다.,주문결제
TR02101,반품한 상품 회수된 지 일주일 넘었는데 환불이 아직 안 됐어요. 감사합니다.,환불
TR02102,안녕하세요. 주문서에서 수량을 잘못 넣어 결제됐어요. 금액 정정이 되나요? 빠른 답변 부탁드려요.,주문결제
TR02103,수고 많으세요. 본인인증이 자꾸 실패하는데 다른 방법으로 인증할 수 있나요? 빠른 답변 부탁드려요.,회원멤버십
TR02104,협업이나 입점 문의는 어디로 연락드리면 되나요? 빠른 답변 부탁드려요.,기타
TR02105,안녕하세요. 할부로 결제하고 싶은데 몇 개월까지 무이자 되나요? 감사합니다.,주문결제
TR02106,다음 입고 물량은 언제쯤 풀리는지 대략이라도 알 수 있을까요?,재입고
TR02107,색상이 모니터마다 다르게 보이던데 실제 톤이 어떤가요? 확인 부탁드립니다.,상품정보
TR02108,문의드립니다. 리뷰 이벤트 당첨자 발표는 언제 어디서 확인하나요?,기타
TR02109,수고 많으세요. 해외 배송도 되나요? 외국에 있는 가족에게 보내려고요. 빠른 답변 부탁드려요.,기타
TR02110,카드 할부로 샀는데 환불하면 할부도 자동으로 취소되나요? 빠른 답변 부탁드려요.,환불
TR02111,문의드립니다. 고객센터 운영 시간이 어떻게 되나요? 주말에도 상담되나요? 확인 부탁드립니다.,기타
TR02112,옵션을 잘못 선택해서 다른 사이즈로 바꿔주실 수 있나요? 빠른 답변 부탁드려요.,교환
TR02113,"반품 회수 박스는 따로 준비해야 하나요, 원래 박스 쓰면 되나요?",반품
TR02114,건조기에 돌려도 줄어들지 않나요?,상품정보
TR02115,문의드립니다. 이 신발 발볼 넓은 편인가요? 평소 발볼 넓은데요. 확인 부탁드립니다.,상품정보
TR02116,수고 많으세요. 취소 처리는 됐다는데 결제 금액 환불은 언제 들어오나요? 감사합니다.,환불
TR02117,문의드립니다. 세금계산서 발행되나요? 결제할 때 사업자 정보 넣는 데가 없어요. 빠른 답변 부탁드려요.,주문결제
TR02118,안녕하세요. 기부 캠페인 참여하려면 어떻게 하면 되나요?,기타
TR02119,문의드립니다. 필터는 어디서 따로 구매하나요? 교체 주기는 얼마예요? 빠른 답변 부탁드려요.,상품정보
TR02120,수고 많으세요. 방송에 나온 그 상품 어디서 찾는지 검색이 안 돼요.,기타
TR02121,수고 많으세요. 현금영수증 발급된 건인데 환불하면 그것도 취소되나요? 확인 부탁드립니다.,환불
TR02122,발송 준비중이라고 떠도 지금 바로 취소 막아주실 수 있나요?,취소
TR02123,제주도인데 배송 며칠 걸려요? 도착 예정일 알려주세요. 빠른 답변 부탁드려요.,배송문의
TR02124,문의드립니다. 유통기한이 임박한 게 와서 반품하고 싶은데 가능할까요? 감사합니다.,반품
TR02125,문의드립니다. 가지고 있는 쿠폰이 결제창에서 적용이 안 돼요. 왜 그럴까요? 감사합니다.,주문결제
TR02126,안녕하세요. 본인인증이 자꾸 실패하는데 다른 방법으로 인증할 수 있나요? 빠른 답변 부탁드려요.,회원멤버십
TR02127,전압이 220V 맞나요? 해외에서도 쓸 수 있는지 궁금해요. 확인 부탁드립니다.,상품정보
TR02128,수고 많으세요. 아직 상품 준비중이던데 지금 취소하면 바로 되나요? 확인 부탁드립니다.,취소
TR02129,안녕하세요. 선물포장 서비스 되나요? 메시지 카드도 넣을 수 있어요? 빠른 답변 부탁드려요.,기타
TR02130,문의드립니다. 반품 다 됐는데 배송비가 차감돼서 환불됐네요. 왜 그런가요?,환불
TR02131,작동이 안 되는 불량이라 반품하려는데 어떤 증빙이 필요한가요? 빠른 답변 부탁드려요.,반품
TR02132,아이디가 기억이 안 나는데 찾을 수 있을까요? 확인 부탁드립니다.,회원멤버십
TR02133,이사 가서 주소가 바뀌었는데 출고 전에 변경 부탁드려요.,배송문의
TR02134,수고 많으세요. 택배사 어디로 오나요? 부재중이라 경비실에 맡겨주실 수 있나요?,배송문의
TR02135,수고 많으세요. 사이즈가 안 맞아서 한 치수 큰 걸로 교환하고 싶어요.,교환
TR02136,수고 많으세요. 택배사 어디로 오나요? 부재중이라 경비실에 맡겨주실 수 있나요? 감사합니다.,배송문의
TR02137,배송지가 잘못돼서 그냥 취소하고 새로 주문하는 게 빠를까요?,취소
TR02138,수고 많으세요. 반품 접수만 하면 알아서 회수 기사님이 오시는 거죠? 확인 부탁드립니다.,반품
TR02139,장바구니에 잘못 담긴 게 결제돼서 바로 취소하려고요. 감사합니다.,취소
TR02140,수고 많으세요. 두께가 어느 정도예요? 겨울에 입어도 따뜻할까요?,상품정보
TR02141,안녕하세요. S로 받았는데 M으로 교환 가능할까요? 추가 비용 있나요?,교환
TR02142,수고 많으세요. 결제하다가 오류 나서 두 번 눌렀는데 두 번 결제된 것 같아요.,주문결제
TR02143,문의드립니다. 불량이라 같은 걸로 교환 원해요. 교환 배송비는 안 드는 거죠?,교환
TR02144,문의드립니다. 제품에 하자가 있어서 반품하려는데 회수는 언제 오나요?,반품
TR02145,안녕하세요. 반품 접수만 하면 알아서 회수 기사님이 오시는 거죠? 감사합니다.,반품
TR02146,옵션을 잘못 선택해서 다른 사이즈로 바꿔주실 수 있나요?,교환
TR02147,"수고 많으세요. 취소한 주문 환불이 자동으로 되는 건가요, 따로 신청해야 하나요?",환불
TR02148,특정 옵션만 빠르게 다시 들어오는 편인지 궁금해요. 확인 부탁드립니다.,재입고
TR02149,수고 많으세요. 이번 달에 등급이 올랐는데 추가 할인 혜택은 어떻게 적용돼요? 감사합니다.,회원멤버십
TR02150,문의드립니다. 휴대폰 소액결제 한도가 초과됐다는데 다른 방법은 없나요? 확인 부탁드립니다.,주문결제
TR02151,이 색상은 시즌 한정이라 재입고가 아예 안 되는 건가요? 빠른 답변 부탁드려요.,재입고
TR02152,수고 많으세요. 받자마자 깨져 있어서 반품하려고 하는데 사진 보내드릴까요? 빠른 답변 부탁드려요.,반품
TR02153,문의드립니다. 회사 단체주문인데 한 건 잘못 들어가서 그 건만 취소 부탁드려요. 빠른 답변 부탁드려요.,취소
TR02154,수고 많으세요. 회원 등급이 강등됐는데 기준이 어떻게 되는 건가요?,회원멤버십
TR02155,할인 적용 전 금액으로 결제됐어요. 차액 어떻게 되나요?,주문결제
TR02156,수고 많으세요. 제주도인데 배송 며칠 걸려요? 도착 예정일 알려주세요. 감사합니다.,배송문의
TR02157,안녕하세요. 환불 처리 상태를 어디서 확인할 수 있나요? 감사합니다.,환불
TR02158,받은 지 일주일 됐는데 아직 반품 신청 기간 안 지났죠?,반품
TR02159,받은 지 일주일 됐는데 아직 반품 신청 기간 안 지났죠? 감사합니다.,반품
TR02160,수고 많으세요. 쿠폰 할인받고 샀는데 환불 금액에 그게 어떻게 반영되나요?,환불
TR02161,안녕하세요. 택배 박스가 찌그러져서 왔는데 안에 내용물은 괜찮을지 걱정돼요. 확인 부탁드립니다.,배송문의
TR02162,배송이 너무 오래 걸려서 그냥 주문 자체를 취소하고 싶어요. 감사합니다.,취소
TR02163,문의드립니다. 작동이 안 되는 불량이라 반품하려는데 어떤 증빙이 필요한가요? 감사합니다.,반품
TR02164,환불 처리됐다고 문자 왔는데 통장에 아직 안 들어왔어요. 감사합니다.,환불
TR02165,이번 달에 등급이 올랐는데 추가 할인 혜택은 어떻게 적용돼요? 감사합니다.,회원멤버십
TR02166,수고 많으세요. 출고 전이라고 안내받았는데 취소 접수 좀 서둘러 주세요. 감사합니다.,취소
TR02167,회원정보에 주소를 여러 개 저장해둘 수 있나요? 빠른 답변 부탁드려요.,회원멤버십
TR02168,사이즈를 잘못 골라서 일단 취소하고 다시 주문할게요.,취소
TR02169,수고 많으세요. 선물받은 상품인데 영수증 없이도 반품할 수 있나요?,반품
TR02170,적립금으로 결제한 부분은 환불도 적립금으로 돌아오나요? 감사합니다.,환불
TR02171,광고 문자 수신 거부하고 싶은데 어떻게 하나요? 감사합니다.,기타
TR02172,수고 많으세요. 기부 캠페인 참여하려면 어떻게 하면 되나요? 확인 부탁드립니다.,기타
TR02173,문의드립니다. 사이즈별 실측 정보가 어디에 나와 있나요? 감사합니다.,상품정보
TR02174,현금영수증 신청을 깜빡했는데 사후 발급 가능한가요? 감사합니다.,주문결제
TR02175,"문의드립니다. 세탁기로 돌려도 되나요, 손세탁만 해야 하나요?",상품정보
TR02176,가입할 때 받은 웰컴 쿠폰이 안 보이는데 확인해 주세요. 감사합니다.,회원멤버십
TR02177,두 개 주문 중 하나만 취소했는데 환불액 계산이 맞는지 봐주세요. 감사합니다.,환불
TR02178,안녕하세요. 간편결제로 했는데 승인 문자만 오고 주문은 안 들어갔어요. 감사합니다.,주문결제
TR02179,골드 등급 되려면 얼마나 더 사야 하나요? 확인 부탁드립니다.,회원멤버십
TR02180,문의드립니다. 인기 상품이라 그런지 늘 없네요. 재입고 주기가 어떻게 되나요? 빠른 답변 부탁드려요.,재입고
TR02181,"안녕하세요. 세탁기로 돌려도 되나요, 손세탁만 해야 하나요?",상품정보
TR02182,문의드립니다. 한 번에 다 품절돼서 그러는데 보통 얼마 만에 다시 채워지나요? 확인 부탁드립니다.,재입고
TR02183,교환할 상품 회수는 언제 오고 새 상품은 언제 받을 수 있나요?,교환
TR02184,문의드립니다. 두 개 샀는데 그중 하나만 반품하고 싶어요. 부분 반품 되나요? 빠른 답변 부탁드려요.,반품
TR02185,인플루언서 협찬 문의는 어느 부서로 해야 하나요? 감사합니다.,기타
TR02186,주문 넣은 거 취소할게요. 다른 상품으로 새로 주문하려고요. 감사합니다.,취소
TR02187,엘리베이터 공사 중이라 1층에 두고 가시라고 메모 남길 수 있나요? 확인 부탁드립니다.,배송문의
TR02188,안녕하세요. 단순 변심인데 반품 가능한가요? 배송비는 제가 부담하는 거죠?,반품
TR02189,수고 많으세요. 환불 계좌를 바꾸고 싶은데 어떻게 하나요? 감사합니다.,환불
TR02190,문의드립니다. 단순 변심 반품인데 반품 배송비가 얼마나 차감되나요? 감사합니다.,반품
TR02191,문의드립니다. 지금 출고됐나요? 빠른배송으로 받아볼 수 있는지 궁금해요. 확인 부탁드립니다.,배송문의
TR02192,"세탁기로 돌려도 되나요, 손세탁만 해야 하나요? 빠른 답변 부탁드려요.",상품정보
TR02193,문의드립니다. 기프트카드로 산 건데 환불도 기프트카드로만 되나요? 감사합니다.,환불
TR02194,안녕하세요. 이 색상만 계속 품절인데 다시 들어올 예정 있나요?,재입고
TR02195,재입고 알림 여러 상품 걸어놨는데 한꺼번에 관리할 수 있나요? 확인 부탁드립니다.,재입고
TR02196,안녕하세요. 예약 주문한 건데 출시 전에 취소도 가능한가요? 확인 부탁드립니다.,취소
TR02197,안녕하세요. 교환할 상품 회수는 언제 오고 새 상품은 언제 받을 수 있나요? 확인 부탁드립니다.,교환
TR02198,문의드립니다. 결제 취소하고 싶은데 어디서 하면 되나요?,취소
TR02199,환불은 됐다는데 부분 금액만 들어와서 나머지가 궁금해요. 확인 부탁드립니다.,환불
TR02200,문의드립니다. 카드 할부로 샀는데 환불하면 할부도 자동으로 취소되나요? 빠른 답변 부탁드려요.,환불
TR02201,수고 많으세요. 휴면계정으로 전환됐다는데 다시 활성화하려면 어떻게 하나요?,회원멤버십
TR02202,니트 롱 원피스 품절이던데 재입고 계획 있는지 궁금해요.,재입고
TR02203,배송완료라고 뜨는데 문 앞에 물건이 없어요. 분실된 것 같아요.,배송문의
TR02204,문의드립니다. 쿠폰 잘못 써서 취소하고 다시 제대로 적용해서 주문할게요. 빠른 답변 부탁드려요.,취소
TR02205,"수고 많으세요. 취소한 주문 환불이 자동으로 되는 건가요, 따로 신청해야 하나요? 감사합니다.",환불
TR02206,문의드립니다. 제주도인데 배송 며칠 걸려요? 도착 예정일 알려주세요. 확인 부탁드립니다.,배송문의
TR02207,안녕하세요. 방송에 나온 그 상품 어디서 찾는지 검색이 안 돼요. 감사합니다.,기타
TR02208,선물할 거라 더 큰 사이즈로 교환하고 싶은데 가능할까요? 확인 부탁드립니다.,교환
TR02209,배송이 너무 오래 걸려서 그냥 주문 자체를 취소하고 싶어요.,취소
TR02210,수고 많으세요. 박음질이 터져 있어서 같은 상품으로 교환 요청합니다. 확인 부탁드립니다.,교환
TR02211,조립식 3단 수납 선반 사이즈만 바꾸고 싶어요. 교환 신청할게요. 확인 부탁드립니다.,교환
TR02212,안녕하세요. 해외카드로도 결제가 되나요? 자꾸 승인 거절이 떠요. 빠른 답변 부탁드려요.,주문결제
TR02213,결제하다가 오류 나서 두 번 눌렀는데 두 번 결제된 것 같아요.,주문결제
TR02214,안녕하세요. 광고 문자 수신 거부하고 싶은데 어떻게 하나요? 확인 부탁드립니다.,기타
TR02215,문의드립니다. 아직 상품 준비중이던데 지금 취소하면 바로 되나요?,취소
TR02216,문의드립니다. 협업이나 입점 문의는 어디로 연락드리면 되나요?,기타
TR02217,문의드립니다. 교환 신청하면 회수랑 재배송이 동시에 진행되나요? 감사합니다.,교환
TR02218,수고 많으세요. 공동현관 비밀번호를 배송메모에 적었는데 기사님께 전달되나요? 확인 부탁드립니다.,배송문의
TR02219,문의드립니다. 본인인증이 자꾸 실패하는데 다른 방법으로 인증할 수 있나요? 확인 부탁드립니다.,회원멤버십
TR02220,안녕하세요. 받은 색상이 칙칙해서 사진 속 색상 옵션으로 바꾸고 싶어요.,교환
TR02221,안녕하세요. 출고 전이라고 안내받았는데 취소 접수 좀 서둘러 주세요.,취소
TR02222,오프라인 매장도 있나요? 직접 보고 사고 싶어서요. 감사합니다.,기타
TR02223,두 개 샀는데 그중 하나만 반품하고 싶어요. 부분 반품 되나요? 감사합니다.,반품
TR02224,결제 수단을 카드에서 계좌이체로 바꾸고 싶은데 가능한가요? 확인 부탁드립니다.,주문결제
TR02225,문의드립니다. 공동현관 비밀번호를 배송메모에 적었는데 기사님께 전달되나요? 감사합니다.,배송문의
TR02226,문의드립니다. 분명 어제 발송됐다는데 송장 추적이 아직도 집화처리에 멈춰 있어요. 감사합니다.,배송문의
TR02227,"문의드립니다. 재입고되면 따로 연락 주시나요, 아니면 알림이 오나요?",재입고
TR02228,문의드립니다. 출고 전이라고 안내받았는데 취소 접수 좀 서둘러 주세요.,취소
TR02229,주문한 것과 다른 상품이 와서 반품 신청하고 싶어요. 확인 부탁드립니다.,반품
TR02230,문의드립니다. 결제하자마자 마음이 바뀌었어요. 주문 취소되나요? 감사합니다.,취소
TR02231,문의드립니다. 장바구니에서 결제하려는데 자꾸 오류 페이지로 넘어가요. 감사합니다.,주문결제
TR02232,문의드립니다. 반품 접수만 하면 알아서 회수 기사님이 오시는 거죠? 빠른 답변 부탁드려요.,반품
TR02233,문의드립니다. 은행 점검 시간이라 입금이 안 됐는데 주문이 취소될까 봐 걱정돼요. 빠른 답변 부탁드려요.,주문결제
TR02234,배송이 너무 오래 걸려서 그냥 주문 자체를 취소하고 싶어요. 확인 부탁드립니다.,취소
TR02235,오늘 도착 예정이라고 떴는데 아직도 안 왔어요. 몇 시쯤 와요?,배송문의
TR02236,문의드립니다. 이사 가서 주소가 바뀌었는데 출고 전에 변경 부탁드려요. 감사합니다.,배송문의
TR02237,수고 많으세요. 받은 지 일주일 됐는데 아직 반품 신청 기간 안 지났죠?,반품
TR02238,문의드립니다. 방수 되는 제품인가요? 야외에서 써도 괜찮을까요?,상품정보
TR02239,무통장으로 결제했는데 환불은 어느 계좌로 받게 되나요?,환불
TR02240,버튼이 하나 빠져 있어서 새것으로 교환 요청드려요. 확인 부탁드립니다.,교환
TR02241,안녕하세요. 카드 할부로 샀는데 환불하면 할부도 자동으로 취소되나요?,환불
TR02242,문의드립니다. 환불은 됐다는데 부분 금액만 들어와서 나머지가 궁금해요.,환불
TR02243,쿠폰 할인받고 샀는데 환불 금액에 그게 어떻게 반영되나요? 감사합니다.,환불
TR02244,문의드립니다. 간편결제로 했는데 승인 문자만 오고 주문은 안 들어갔어요.,주문결제
TR02245,주문한 것과 다른 상품이 와서 반품 신청하고 싶어요. 감사합니다.,반품
TR02246,문의드립니다. 냄새가 너무 심해서 못 쓰겠어요. 반품 처리해 주세요. 감사합니다.,반품
TR02247,수고 많으세요. 주문서에서 수량을 잘못 넣어 결제됐어요. 금액 정정이 되나요?,주문결제
TR02248,문의드립니다. 지퍼가 고장 나서 같은 모델 정상품으로 교환 부탁드려요. 감사합니다.,교환
TR02249,수고 많으세요. 주문 넣은 거 취소할게요. 다른 상품으로 새로 주문하려고요. 감사합니다.,취소
TR02250,문의드립니다. 인기 상품이라 그런지 늘 없네요. 재입고 주기가 어떻게 되나요?,재입고
TR02251,구매한 상품으로 콘텐츠 만들어도 저작권 문제 없나요? 감사합니다.,기타
TR02252,받는 사람 이름을 다르게 적었는데 그대로 배송되나요? 확인 부탁드립니다.,배송문의
TR02253,안녕하세요. 재입고 알림 여러 상품 걸어놨는데 한꺼번에 관리할 수 있나요? 빠른 답변 부탁드려요.,재입고
TR02254,안녕하세요. 받은 지 일주일 됐는데 아직 반품 신청 기간 안 지났죠? 감사합니다.,반품
TR02255,안녕하세요. 주문서에서 수량을 잘못 넣어 결제됐어요. 금액 정정이 되나요? 확인 부탁드립니다.,주문결제
TR02256,지퍼가 고장 나서 같은 모델 정상품으로 교환 부탁드려요.,교환
TR02257,안녕하세요. 기프트카드로 산 건데 환불도 기프트카드로만 되나요? 빠른 답변 부탁드려요.,환불
TR02258,문의드립니다. 작동이 안 되는 불량이라 반품하려는데 어떤 증빙이 필요한가요?,반품
TR02259,안녕하세요. 환불 처리 상태를 어디서 확인할 수 있나요? 확인 부탁드립니다.,환불
TR02260,수고 많으세요. 결제하다가 오류 나서 두 번 눌렀는데 두 번 결제된 것 같아요. 확인 부탁드립니다.,주문결제
TR02261,수고 많으세요. 인기 상품이라 그런지 늘 없네요. 재입고 주기가 어떻게 되나요?,재입고
TR02262,색은 마음에 드는데 기장이 길어서 짧은 옵션으로 교환되나요?,교환
TR02263,안녕하세요. 적립금으로 결제한 부분은 환불도 적립금으로 돌아오나요? 확인 부탁드립니다.,환불
TR02264,끈 길이 조절이 되나요? 키 작은 아이가 메도 괜찮을까요? 확인 부탁드립니다.,상품정보
TR02265,사이즈를 잘못 골라서 일단 취소하고 다시 주문할게요. 확인 부탁드립니다.,취소
TR02266,기프트카드로 산 건데 환불도 기프트카드로만 되나요? 확인 부탁드립니다.,환불
TR02267,문의드립니다. 주말에도 배송되나요? 토요일에 받아야 해서요. 빠른 답변 부탁드려요.,배송문의
TR02268,수고 많으세요. 냄새가 너무 심해서 못 쓰겠어요. 반품 처리해 주세요. 확인 부탁드립니다.,반품
TR02269,문의드립니다. 세금계산서 발행되나요? 결제할 때 사업자 정보 넣는 데가 없어요. 확인 부탁드립니다.,주문결제
TR02270,취소 처리는 됐다는데 결제 금액 환불은 언제 들어오나요?,환불
TR02271,안녕하세요. 상품이 마음에 안 들 것 같아서 받기 전에 미리 취소할게요. 빠른 답변 부탁드려요.,취소
TR02272,문의드립니다. 반품한 상품 회수된 지 일주일 넘었는데 환불이 아직 안 됐어요.,환불
TR02273,문의드립니다. 아이디가 기억이 안 나는데 찾을 수 있을까요? 확인 부탁드립니다.,회원멤버십
TR02274,수고 많으세요. 전압이 220V 맞나요? 해외에서도 쓸 수 있는지 궁금해요.,상품정보
TR02275,예약구매로 결제했는데 언제 실제로 청구되나요? 감사합니다.,주문결제
TR02276,안녕하세요. 환불 처리됐다고 문자 왔는데 통장에 아직 안 들어왔어요. 감사합니다.,환불
TR02277,인플루언서 협찬 문의는 어느 부서로 해야 하나요?,기타
TR02278,안녕하세요. 광고 문자 수신 거부하고 싶은데 어떻게 하나요?,기타
TR02279,안녕하세요. 회원 탈퇴하면 적립금은 어떻게 되나요? 빠른 답변 부탁드려요.,회원멤버십
TR02280,비밀번호가 기억이 안 나서 로그인을 못 하겠어요. 빠른 답변 부탁드려요.,회원멤버십
TR02281,수고 많으세요. 사이즈를 잘못 골라서 일단 취소하고 다시 주문할게요. 감사합니다.,취소
TR02282,냄새가 너무 심해서 못 쓰겠어요. 반품 처리해 주세요. 확인 부탁드립니다.,반품
TR02283,문의드립니다. 불량이라 같은 걸로 교환 원해요. 교환 배송비는 안 드는 거죠? 빠른 답변 부탁드려요.,교환
TR02284,안녕하세요. 한 번에 다 품절돼서 그러는데 보통 얼마 만에 다시 채워지나요?,재입고
TR02285,다른 색으로 바꾸고 싶은데 그 색이 더 비싸면 차액만 내면 되나요? 감사합니다.,교환
TR02286,문의드립니다. 프린트가 비뚤게 인쇄돼서 멀쩡한 걸로 교환해 주세요.,교환
TR02287,안녕하세요. 색은 마음에 드는데 기장이 길어서 짧은 옵션으로 교환되나요? 빠른 답변 부탁드려요.,교환
TR02288,수고 많으세요. 반품 접수만 하면 알아서 회수 기사님이 오시는 거죠? 감사합니다.,반품
TR02289,수고 많으세요. 현관 앞 말고 택배함에 넣어달라고 요청할 수 있나요? 감사합니다.,배송문의
TR02290,안녕하세요. 받자마자 깨져 있어서 반품하려고 하는데 사진 보내드릴까요?,반품
TR02291,안녕하세요. 결제할 때 입력한 배송메모가 사라졌는데 다시 등록되나요?,주문결제
TR02292,문의드립니다. 등급은 언제 갱신되나요? 매달 초인가요?,회원멤버십
TR02293,코튼 밴딩 팬츠 품절이던데 재입고 계획 있는지 궁금해요. 감사합니다.,재입고
TR02294,수고 많으세요. 분명 어제 발송됐다는데 송장 추적이 아직도 집화처리에 멈춰 있어요.,배송문의
TR02295,안녕하세요. 교환 신청하면 회수랑 재배송이 동시에 진행되나요? 확인 부탁드립니다.,교환
TR02296,안녕하세요. 배송 출발하면 문자로 알림 받을 수 있나요? 빠른 답변 부탁드려요.,배송문의
TR02297,새벽배송 되는 지역인지 우편번호로 확인해 주실 수 있어요? 확인 부탁드립니다.,배송문의
TR02298,안녕하세요. 이 운동화 쿠션감이 좋은 편인가요? 오래 걸어도 편한지요. 감사합니다.,상품정보
TR02299,안녕하세요. 휴면계정으로 전환됐다는데 다시 활성화하려면 어떻게 하나요? 확인 부탁드립니다.,회원멤버십
TR02300,예전에 팔던 모델인데 재입고 가능성이 있을까요? 감사합니다.,재입고
TR02301,"수고 많으세요. 취소한 주문 환불이 자동으로 되는 건가요, 따로 신청해야 하나요? 확인 부탁드립니다.",환불
TR02302,회사로 배송지 바꾸고 싶은데 이미 상품 준비중이면 안 되나요?,배송문의
TR02303,수고 많으세요. 무통장으로 결제했는데 환불은 어느 계좌로 받게 되나요? 감사합니다.,환불
TR02304,환불 처리 상태를 어디서 확인할 수 있나요? 확인 부탁드립니다.,환불
TR02305,수고 많으세요. 이사 가서 주소가 바뀌었는데 출고 전에 변경 부탁드려요.,배송문의
TR02306,수고 많으세요. 비밀번호가 기억이 안 나서 로그인을 못 하겠어요. 감사합니다.,회원멤버십
TR02307,문의드립니다. 환불 처리됐다고 문자 왔는데 통장에 아직 안 들어왔어요.,환불
TR02308,안녕하세요. 선물할 거라 더 큰 사이즈로 교환하고 싶은데 가능할까요? 빠른 답변 부탁드려요.,교환
TR02309,수고 많으세요. 주문할 때 부재중이라 편의점 픽업으로 바꿀 수 있나요?,배송문의
TR02310,문의드립니다. 건조기에 돌려도 줄어들지 않나요? 감사합니다.,상품정보
TR02311,끈 길이 조절이 되나요? 키 작은 아이가 메도 괜찮을까요? 감사합니다.,상품정보
TR02312,문의드립니다. 제품에 하자가 있어서 반품하려는데 회수는 언제 오나요? 확인 부탁드립니다.,반품
TR02313,배송 중에 파손돼서 왔어요. 동일 상품으로 교환해 주세요. 빠른 답변 부탁드려요.,교환
TR02314,재입고 알림 신청했는데 알림이 안 와요. 확인 부탁드려요. 확인 부탁드립니다.,재입고
TR02315,같은 상품 다른 색상으로 교환도 되나요? 확인 부탁드립니다.,교환
TR02316,문의드립니다. 상품이 마음에 안 들 것 같아서 받기 전에 미리 취소할게요. 감사합니다.,취소
TR02317,수고 많으세요. 세금계산서 발행되나요? 결제할 때 사업자 정보 넣는 데가 없어요.,주문결제
TR02318,인덕션에서도 사용 가능한가요? 가스레인지 전용인가요? 감사합니다.,상품정보
TR02319,현관 앞 말고 택배함에 넣어달라고 요청할 수 있나요?,배송문의
TR02320,문의드립니다. 해외카드로도 결제가 되나요? 자꾸 승인 거절이 떠요. 확인 부탁드립니다.,주문결제
TR02321,방수 되는 제품인가요? 야외에서 써도 괜찮을까요? 감사합니다.,상품정보
TR02322,수고 많으세요. 이 색상은 시즌 한정이라 재입고가 아예 안 되는 건가요? 확인 부탁드립니다.,재입고
TR02323,해외 배송도 되나요? 외국에 있는 가족에게 보내려고요.,기타
TR02324,수고 많으세요. 인플루언서 협찬 문의는 어느 부서로 해야 하나요?,기타
TR02325,문의드립니다. 한 번에 다 품절돼서 그러는데 보통 얼마 만에 다시 채워지나요? 감사합니다.,재입고
TR02326,안녕하세요. 주문 넣은 거 취소할게요. 다른 상품으로 새로 주문하려고요.,취소
TR02327,문의드립니다. 결제 수단을 카드에서 계좌이체로 바꾸고 싶은데 가능한가요?,주문결제
TR02328,"안녕하세요. 같은 가격대 다른 모델로도 교환이 되나요, 아니면 동일상품만 되나요?",교환
TR02329,수고 많으세요. 협업이나 입점 문의는 어디로 연락드리면 되나요?,기타
TR02330,수고 많으세요. 회원 탈퇴하면 적립금은 어떻게 되나요? 확인 부탁드립니다.,회원멤버십
TR02331,안녕하세요. 세트 구성이 어떻게 되나요? 사진에 나온 거 다 포함인가요?,상품정보
TR02332,문의드립니다. 주문서에서 수량을 잘못 넣어 결제됐어요. 금액 정정이 되나요?,주문결제
TR02333,주문할 때 부재중이라 편의점 픽업으로 바꿀 수 있나요? 감사합니다.,배송문의
TR02334,문의드립니다. 법인카드로 결제하면 지출증빙용 영수증도 따로 받을 수 있나요? 감사합니다.,주문결제
TR02335,식기세척기에 넣고 돌려도 괜찮은 재질인가요? 감사합니다.,상품정보
TR02336,안녕하세요. 현금영수증 발급된 건인데 환불하면 그것도 취소되나요?,환불
TR02337,안녕하세요. 인기 상품이라 그런지 늘 없네요. 재입고 주기가 어떻게 되나요?,재입고
TR02338,안녕하세요. 사진이랑 실물 품질 차이가 너무 커서 반품 신청합니다. 빠른 답변 부탁드려요.,반품
TR02339,"반품하려는데 회수 기사님이 직접 오시는 건가요, 제가 보내야 하나요? 확인 부탁드립니다.",반품
TR02340,이번 달에 등급이 올랐는데 추가 할인 혜택은 어떻게 적용돼요? 빠른 답변 부탁드려요.,회원멤버십
TR02341,재입고됐다고 알림 받고 들어왔는데 벌써 또 품절이네요. 감사합니다.,재입고
TR02342,"수고 많으세요. 반품 회수 박스는 따로 준비해야 하나요, 원래 박스 쓰면 되나요? 감사합니다.",반품
TR02343,문의드립니다. 이 운동화 쿠션감이 좋은 편인가요? 오래 걸어도 편한지요.,상품정보
TR02344,이 색상은 시즌 한정이라 재입고가 아예 안 되는 건가요? 확인 부탁드립니다.,재입고
TR02345,택배사 어디로 오나요? 부재중이라 경비실에 맡겨주실 수 있나요? 빠른 답변 부탁드려요.,배송문의
TR02346,수고 많으세요. 식기세척기에 넣고 돌려도 괜찮은 재질인가요?,상품정보
TR02347,카드 승인은 났는데 주문이 실패라고 떠요. 중복결제 된 건 아니죠? 확인 부탁드립니다.,주문결제
TR02348,문의드립니다. 장바구니에 잘못 담긴 게 결제돼서 바로 취소하려고요. 감사합니다.,취소
TR02349,안녕하세요. 이 운동화 쿠션감이 좋은 편인가요? 오래 걸어도 편한지요. 빠른 답변 부탁드려요.,상품정보
TR02350,수고 많으세요. 재입고 알림 신청했는데 알림이 안 와요. 확인 부탁드려요. 빠른 답변 부탁드려요.,재입고
TR02351,문의드립니다. 두 번에 나눠서 받기로 했는데 나머지 상품은 언제 출발해요? 빠른 답변 부탁드려요.,배송문의
TR02352,안녕하세요. 전에 쓰던 제품이랑 호환되는 규격인지 확인하고 싶어요. 확인 부탁드립니다.,상품정보
TR02353,비밀번호가 기억이 안 나서 로그인을 못 하겠어요. 감사합니다.,회원멤버십
TR02354,전에 쓰던 제품이랑 호환되는 규격인지 확인하고 싶어요. 빠른 답변 부탁드려요.,상품정보
TR02355,안녕하세요. 전압이 220V 맞나요? 해외에서도 쓸 수 있는지 궁금해요. 빠른 답변 부탁드려요.,상품정보
TR02356,수고 많으세요. 베이직 데님 자켓 품절이던데 재입고 계획 있는지 궁금해요. 빠른 답변 부탁드려요.,재입고
TR02357,배송 출발하면 문자로 알림 받을 수 있나요? 확인 부탁드립니다.,배송문의
TR02358,안녕하세요. 배송완료라고 뜨는데 문 앞에 물건이 없어요. 분실된 것 같아요.,배송문의
TR02359,안녕하세요. 한 번에 다 품절돼서 그러는데 보통 얼마 만에 다시 채워지나요? 빠른 답변 부탁드려요.,재입고
TR02360,키 170인데 이 바지 기장이 어느 정도 올까요? 빠른 답변 부탁드려요.,상품정보
TR02361,예약 주문한 건데 출시 전에 취소도 가능한가요? 확인 부탁드립니다.,취소
TR02362,수고 많으세요. 배송지가 잘못돼서 그냥 취소하고 새로 주문하는 게 빠를까요? 빠른 답변 부탁드려요.,취소
TR02363,사이즈별 실측 정보가 어디에 나와 있나요? 감사합니다.,상품정보
TR02364,안녕하세요. 회원 탈퇴하면 적립금은 어떻게 되나요?,회원멤버십
TR02365,문의드립니다. 이 제품 KC 인증 받은 정품 맞나요? 확인 부탁드립니다.,상품정보
TR02366,안녕하세요. 불량이라 같은 걸로 교환 원해요. 교환 배송비는 안 드는 거죠? 빠른 답변 부탁드려요.,교환
TR02367,이번 달에 등급이 올랐는데 추가 할인 혜택은 어떻게 적용돼요?,회원멤버십
TR02368,안녕하세요. 같은 상품 다른 색상으로 교환도 되나요?,교환
TR02369,문의드립니다. 회원 탈퇴하면 적립금은 어떻게 되나요? 확인 부탁드립니다.,회원멤버십
TR02370,받아보니 생각보다 커서 반품하고 싶어요. 어떻게 신청하나요? 확인 부탁드립니다.,반품
TR02371,재입고 알림 여러 상품 걸어놨는데 한꺼번에 관리할 수 있나요? 감사합니다.,재입고
TR02372,안녕하세요. 분명 어제 발송됐다는데 송장 추적이 아직도 집화처리에 멈춰 있어요.,배송문의
TR02373,안녕하세요. 개인정보 처리방침은 어디서 확인할 수 있나요?,기타
TR02374,문의드립니다. 실리콘 지퍼백 대용량 세트 사이즈만 바꾸고 싶어요. 교환 신청할게요.,교환
TR02375,주문할 때 부재중이라 편의점 픽업으로 바꿀 수 있나요? 확인 부탁드립니다.,배송문의
TR02376,문의드립니다. 이 색상만 계속 품절인데 다시 들어올 예정 있나요? 빠른 답변 부탁드려요.,재입고
TR02377,문의드립니다. 두께가 어느 정도예요? 겨울에 입어도 따뜻할까요? 감사합니다.,상품정보
TR02378,수고 많으세요. 이 신발 발볼 넓은 편인가요? 평소 발볼 넓은데요. 빠른 답변 부탁드려요.,상품정보
TR02379,수고 많으세요. 이 신발 발볼 넓은 편인가요? 평소 발볼 넓은데요.,상품정보
TR02380,안녕하세요. 재입고 알림 신청했는데 알림이 안 와요. 확인 부탁드려요. 감사합니다.,재입고
TR02381,간편결제로 했는데 승인 문자만 오고 주문은 안 들어갔어요. 확인 부탁드립니다.,주문결제
TR02382,"안녕하세요. 재입고 알림은 앱 푸시로 오나요, 문자로 오나요?",재입고
TR02383,기프트카드로 산 건데 환불도 기프트카드로만 되나요? 빠른 답변 부탁드려요.,환불
TR02384,문의드립니다. 사이즈 하나만 품절인데 그것만 재입고 되나요?,재입고
TR02385,안녕하세요. 재입고 알림 여러 상품 걸어놨는데 한꺼번에 관리할 수 있나요? 확인 부탁드립니다.,재입고
TR02386,수고 많으세요. 환불 계좌를 바꾸고 싶은데 어떻게 하나요?,환불
TR02387,안녕하세요. 이사 가서 주소가 바뀌었는데 출고 전에 변경 부탁드려요. 빠른 답변 부탁드려요.,배송문의
TR02388,적립금하고 쿠폰을 같은 주문에 둘 다 쓸 수 있나요?,회원멤버십
TR02389,수고 많으세요. 방송에 나온 그 상품 어디서 찾는지 검색이 안 돼요. 빠른 답변 부탁드려요.,기타
TR02390,특정 옵션만 빠르게 다시 들어오는 편인지 궁금해요. 감사합니다.,재입고
TR02391,수고 많으세요. 반품 말고 그냥 맞는 사이즈로 바꾸기만 하고 싶어요.,교환
TR02392,받자마자 깨져 있어서 반품하려고 하는데 사진 보내드릴까요?,반품
TR02393,문의드립니다. 반품 다 됐는데 배송비가 차감돼서 환불됐네요. 왜 그런가요? 빠른 답변 부탁드려요.,환불
TR02394,무통장으로 결제했는데 환불은 어느 계좌로 받게 되나요? 감사합니다.,환불
TR02395,이 가방에 13인치 노트북이 들어가는 크기인가요? 확인 부탁드립니다.,상품정보
TR02396,문의드립니다. 한 번 신어봤는데 사이즈가 영 아니라 반품하려고요. 확인 부탁드립니다.,반품
TR02397,수고 많으세요. 15인치 노트북 백팩 언제 받을 수 있어요? 주말 전에 꼭 필요해서요.,배송문의
TR02398,수고 많으세요. 출고 전이라고 안내받았는데 취소 접수 좀 서둘러 주세요.,취소
TR02399,분명 어제 발송됐다는데 송장 추적이 아직도 집화처리에 멈춰 있어요. 확인 부탁드립니다.,배송문의
TR02400,회원정보에 주소를 여러 개 저장해둘 수 있나요? 확인 부탁드립니다.,회원멤버십
TR02401,수고 많으세요. 선물포장 서비스 되나요? 메시지 카드도 넣을 수 있어요?,기타
TR02402,안녕하세요. 결제일이랑 환불일이 다른 달인데 카드값에 어떻게 반영돼요? 확인 부탁드립니다.,환불
TR02403,이 운동화 쿠션감이 좋은 편인가요? 오래 걸어도 편한지요. 감사합니다.,상품정보
TR02404,서랍 정리 칸막이 세트 사이즈만 바꾸고 싶어요. 교환 신청할게요.,교환
TR02405,문의드립니다. 주문할 때 부재중이라 편의점 픽업으로 바꿀 수 있나요? 확인 부탁드립니다.,배송문의
TR02406,택은 안 뗐고 한 번도 안 입었어요. 반품 접수해 주세요. 감사합니다.,반품
TR02407,"안녕하세요. 재입고되면 따로 연락 주시나요, 아니면 알림이 오나요?",재입고
TR02408,문의드립니다. 할부로 결제하고 싶은데 몇 개월까지 무이자 되나요?,주문결제
TR02409,문의드립니다. 색상이 화면이랑 너무 달라서 반품할게요.,반품
TR02410,선물할 거라 더 큰 사이즈로 교환하고 싶은데 가능할까요? 감사합니다.,교환
TR02411,수고 많으세요. 두 번에 나눠서 받기로 했는데 나머지 상품은 언제 출발해요? 확인 부탁드립니다.,배송문의
TR02412,안녕하세요. 이 화장품 성분에 향료가 들어 있나요? 민감성 피부라서요.,상품정보
TR02413,옵션을 잘못 선택해서 다른 사이즈로 바꿔주실 수 있나요? 감사합니다.,교환
TR02414,안녕하세요. 리뷰 이벤트 당첨자 발표는 언제 어디서 확인하나요? 확인 부탁드립니다.,기타
TR02415,안녕하세요. 필터는 어디서 따로 구매하나요? 교체 주기는 얼마예요? 빠른 답변 부탁드려요.,상품정보
TR02416,수고 많으세요. 같은 상품 다른 색상으로 교환도 되나요? 감사합니다.,교환
TR02417,안녕하세요. 회사 단체주문인데 한 건 잘못 들어가서 그 건만 취소 부탁드려요. 감사합니다.,취소
TR02418,구성품 중 하나가 빠져서 왔는데 이 경우도 반품되나요? 빠른 답변 부탁드려요.,반품
TR02419,문의드립니다. 엘리베이터 공사 중이라 1층에 두고 가시라고 메모 남길 수 있나요?,배송문의
TR02420,장바구니에 잘못 담긴 게 결제돼서 바로 취소하려고요. 확인 부탁드립니다.,취소
TR02421,탈퇴했다가 다시 가입하면 예전 등급이 유지되나요?,회원멤버십
TR02422,버튼이 하나 빠져 있어서 새것으로 교환 요청드려요. 감사합니다.,교환
TR02423,수고 많으세요. 배송 추적상 다른 동네로 가 있는 것 같은데 오배송 아닌가요?,배송문의
TR02424,문의드립니다. 개인정보 처리방침은 어디서 확인할 수 있나요? 빠른 답변 부탁드려요.,기타
TR02425,같은 상품 다른 색상으로 교환도 되나요?,교환
TR02426,수고 많으세요. 세금계산서 발행되나요? 결제할 때 사업자 정보 넣는 데가 없어요. 빠른 답변 부탁드려요.,주문결제
TR02427,문의드립니다. 할인 적용 전 금액으로 결제됐어요. 차액 어떻게 되나요? 빠른 답변 부탁드려요.,주문결제
TR02428,문의드립니다. 사이즈가 안 맞아서 한 치수 큰 걸로 교환하고 싶어요.,교환
TR02429,안녕하세요. 이메일 수신 동의를 바꾸고 싶은데 어디서 설정하나요? 감사합니다.,회원멤버십
TR02430,필터는 어디서 따로 구매하나요? 교체 주기는 얼마예요? 빠른 답변 부탁드려요.,상품정보
TR02431,지퍼가 고장 나서 같은 모델 정상품으로 교환 부탁드려요. 빠른 답변 부탁드려요.,교환
TR02432,수고 많으세요. 색은 마음에 드는데 기장이 길어서 짧은 옵션으로 교환되나요?,교환
TR02433,로그인하면 자꾸 다른 사람 정보가 떠요. 계정이 섞인 것 같아요. 감사합니다.,회원멤버십
TR02434,방송에 나온 그 상품 어디서 찾는지 검색이 안 돼요. 확인 부탁드립니다.,기타
TR02435,문의드립니다. 오늘 안에 출고되면 내일 도착하는 건가요? 빠른 답변 부탁드려요.,배송문의
TR02436,"문의드립니다. 반품하려는데 회수 기사님이 직접 오시는 건가요, 제가 보내야 하나요? 빠른 답변 부탁드려요.",반품
